# Player;Stats
1   David de Gea Total matches : 30;2,700 (https://www.fotmob.com/en-GB/players/182917/david-de-gea)
1   Elia Caprile Total matches : 30;2,700 (https://www.fotmob.com/en-GB/players/958422/elia-caprile)
1   Jean Butez Total matches : 30;2,700 (https://www.fotmob.com/en-GB/players/560939/jean-butez)
1   Marco Carnesecchi Total matches : 30;2,700 (https://www.fotmob.com/en-GB/players/1013021/marco-carnesecchi)
1   Mile Svilar Total matches : 30;2,700 (https://www.fotmob.com/en-GB/players/768474/mile-svilar)
1   Wladimiro Falcone Total matches : 30;2,700 (https://www.fotmob.com/en-GB/players/362200/wladimiro-falcone)
7   Johan Vásquez Total matches : 30;2,677 (https://www.fotmob.com/en-GB/players/914103/johan-vasquez)
8   Jesper Karlström Total matches : 30;2,643 (https://www.fotmob.com/en-GB/players/322003/jesper-karlstrom)
9   Arijanet Muric Total matches : 29;2,610 (https://www.fotmob.com/en-GB/players/760752/arijanet-muric)
10   Jay Idzes Total matches : 29;2,609 (https://www.fotmob.com/en-GB/players/937412/jay-idzes)
11   Victor Nelsson Total matches : 30;2,596 (https://www.fotmob.com/en-GB/players/776594/victor-nelsson)
12   Tiago Gabriel Total matches : 30;2,590 (https://www.fotmob.com/en-GB/players/1574492/tiago-gabriel)
13   Mike Maignan Total matches : 29;2,576 (https://www.fotmob.com/en-GB/players/466439/mike-maignan)
14   Pierre Kalulu Total matches : 29;2,562 (https://www.fotmob.com/en-GB/players/1131217/pierre-kalulu)
15   Gianluca Mancini Total matches : 29;2,536 (https://www.fotmob.com/en-GB/players/588687/gianluca-mancini)
16   Ylber Ramadani Total matches : 29;2,522 (https://www.fotmob.com/en-GB/players/762028/ylber-ramadani)
17   Yann Sommer Total matches : 28;2,520 (https://www.fotmob.com/en-GB/players/41618/yann-sommer)
18   Marco Palestra Total matches : 29;2,511 (https://www.fotmob.com/en-GB/players/1473806/marco-palestra)
19   Dodô Total matches : 29;2,509 (https://www.fotmob.com/en-GB/players/750734/dodo)
20   Mateo Pellegrino Total matches : 30;2,482 (https://www.fotmob.com/en-GB/players/1224237/mateo-pellegrino)
21   Simone Canestrelli Total matches : 29;2,481 (https://www.fotmob.com/en-GB/players/897315/simone-canestrelli)
22   Antonino Gallo Total matches : 30;2,478 (https://www.fotmob.com/en-GB/players/879065/antonino-gallo)
23   Marin Pongracic Total matches : 28;2,470 (https://www.fotmob.com/en-GB/players/831474/marin-pongracic)
24   Morten Frendrup Total matches : 29;2,466 (https://www.fotmob.com/en-GB/players/921543/morten-frendrup)
25   Luka Modric Total matches : 29;2,456 (https://www.fotmob.com/en-GB/players/31097/luka-modric)
26   Antonio Caracciolo Total matches : 28;2,444 (https://www.fotmob.com/en-GB/players/195416/antonio-caracciolo)
27   Ivan Provedel Total matches : 27;2,430 (https://www.fotmob.com/en-GB/players/364822/ivan-provedel)
27   Lorenzo Montipò Total matches : 27;2,430 (https://www.fotmob.com/en-GB/players/491784/lorenzo-montipo)
27   Saúl Coco Total matches : 27;2,430 (https://www.fotmob.com/en-GB/players/941953/saul-coco)
30   Bryan Cristante Total matches : 29;2,414 (https://www.fotmob.com/en-GB/players/299799/bryan-cristante)
31   Kenan Yildiz Total matches : 29;2,401 (https://www.fotmob.com/en-GB/players/1412132/kenan-yildiz)
32   Adam Marusic Total matches : 28;2,390 (https://www.fotmob.com/en-GB/players/478447/adam-marusic)
33   Michel Ndary Adopo Total matches : 30;2,388 (https://www.fotmob.com/en-GB/players/936164/michel-ndary-adopo)
34   Nico Paz Total matches : 29;2,387 (https://www.fotmob.com/en-GB/players/1347574/nico-paz)
35   Manuel Akanji Total matches : 28;2,370 (https://www.fotmob.com/en-GB/players/521318/manuel-akanji)
36   Danilo Veiga Total matches : 28;2,350 (https://www.fotmob.com/en-GB/players/1306664/danilo-veiga)
37   Enrico Del Prato Total matches : 28;2,348 (https://www.fotmob.com/en-GB/players/935380/enrico-del-prato)
38   Nikola Vlasic Total matches : 29;2,347 (https://www.fotmob.com/en-GB/players/557677/nikola-vlasic)
39   Emil Audero Total matches : 26;2,340 (https://www.fotmob.com/en-GB/players/602845/emil-audero)
40   Mandela Keita Total matches : 29;2,338 (https://www.fotmob.com/en-GB/players/1239749/mandela-keita)
41   Sebastian Walukiewicz Total matches : 28;2,338 (https://www.fotmob.com/en-GB/players/860592/sebastian-walukiewicz)
42   Sebastiano Luperto Total matches : 26;2,337 (https://www.fotmob.com/en-GB/players/604330/sebastiano-luperto)
43   Filippo Terracciano Total matches : 28;2,316 (https://www.fotmob.com/en-GB/players/1163501/filippo-terracciano)
44   Kouadio Koné Total matches : 26;2,302 (https://www.fotmob.com/en-GB/players/1016132/kouadio-kone)
45   Michel Aebischer Total matches : 28;2,299 (https://www.fotmob.com/en-GB/players/792756/michel-aebischer)
46   Lloyd Kelly Total matches : 27;2,297 (https://www.fotmob.com/en-GB/players/819215/lloyd-kelly)
47   Tarik Muharemovic Total matches : 26;2,295 (https://www.fotmob.com/en-GB/players/1250485/tarik-muharemovic)
48   Alexis Saelemaekers Total matches : 28;2,289 (https://www.fotmob.com/en-GB/players/921341/alexis-saelemaekers)
49   Manuel Locatelli Total matches : 28;2,284 (https://www.fotmob.com/en-GB/players/624166/manuel-locatelli)
50   Federico Baschirotto Total matches : 25;2,250 (https://www.fotmob.com/en-GB/players/799230/federico-baschirotto)
51   Jacobo Ramón Total matches : 26;2,248 (https://www.fotmob.com/en-GB/players/1413963/jacobo-ramon)
52   Oumar Solet Total matches : 27;2,241 (https://www.fotmob.com/en-GB/players/866708/oumar-solet)
53   Federico Dimarco Total matches : 28;2,232 (https://www.fotmob.com/en-GB/players/605224/federico-dimarco)
54   Mario Gila Total matches : 27;2,229 (https://www.fotmob.com/en-GB/players/1106074/mario-gila)
55   Weston McKennie Total matches : 29;2,215 (https://www.fotmob.com/en-GB/players/848266/weston-mckennie)
56   Andrea Cambiaso Total matches : 28;2,191 (https://www.fotmob.com/en-GB/players/1078846/andrea-cambiaso)
57   Nemanja Matic Total matches : 26;2,189 (https://www.fotmob.com/en-GB/players/115067/nemanja-matic)
58   Mikael Egill Ellertsson Total matches : 29;2,184 (https://www.fotmob.com/en-GB/players/942193/mikael-egill-ellertsson)
59   Brooke Norton-Cuffy Total matches : 26;2,184 (https://www.fotmob.com/en-GB/players/1214915/brooke-norton-cuffy)
59   Rasmus Højlund Total matches : 26;2,184 (https://www.fotmob.com/en-GB/players/1199272/rasmus-hojlund)
61   Ismaël Koné Total matches : 27;2,182 (https://www.fotmob.com/en-GB/players/1288119/ismael-kone)
62   Strahinja Pavlovic Total matches : 26;2,150 (https://www.fotmob.com/en-GB/players/1048023/strahinja-pavlovic)
63   Máximo Perrone Total matches : 28;2,148 (https://www.fotmob.com/en-GB/players/1336582/maximo-perrone)
64   Fikayo Tomori Total matches : 27;2,140 (https://www.fotmob.com/en-GB/players/749662/fikayo-tomori)
65   Adrián Bernabé Total matches : 27;2,127 (https://www.fotmob.com/en-GB/players/951714/adrian-bernabe)
66   Andrea Pinamonti Total matches : 28;2,122 (https://www.fotmob.com/en-GB/players/750030/andrea-pinamonti)
67   Wesley Total matches : 26;2,117 (https://www.fotmob.com/en-GB/players/1320176/wesley)
68   Evan N'Dicka Total matches : 24;2,106 (https://www.fotmob.com/en-GB/players/787242/evan-ndicka)
69   Marten de Roon Total matches : 26;2,096 (https://www.fotmob.com/en-GB/players/198559/marten-de-roon)
70   Lucas Da Cunha Total matches : 28;2,095 (https://www.fotmob.com/en-GB/players/1076647/lucas-da-cunha)
71   Leo Østigard Total matches : 24;2,083 (https://www.fotmob.com/en-GB/players/740944/leo-ostigard)
72   Zeki Çelik Total matches : 26;2,082 (https://www.fotmob.com/en-GB/players/867225/zeki-celik)
73   Adam Obert Total matches : 27;2,078 (https://www.fotmob.com/en-GB/players/1289961/adam-obert)
74   Nicolò Fagioli Total matches : 27;2,076 (https://www.fotmob.com/en-GB/players/951712/nicolo-fagioli)
75   Scott McTominay Total matches : 25;2,073 (https://www.fotmob.com/en-GB/players/843099/scott-mctominay)
76   Michele Di Gregorio Total matches : 23;2,070 (https://www.fotmob.com/en-GB/players/766062/michele-di-gregorio)
77   Alessio Romagnoli Total matches : 25;2,068 (https://www.fotmob.com/en-GB/players/362195/alessio-romagnoli)
78   Valentino Lazaro Total matches : 27;2,048 (https://www.fotmob.com/en-GB/players/321140/valentino-lazaro)
79   Lassana Coulibaly Total matches : 25;2,043 (https://www.fotmob.com/en-GB/players/664587/lassana-coulibaly)
80   Sebastiano Esposito Total matches : 28;2,042 (https://www.fotmob.com/en-GB/players/1030212/sebastiano-esposito)
81   Khéphren Thuram-Ulien Total matches : 28;2,040 (https://www.fotmob.com/en-GB/players/980793/khephren-thuram-ulien)
82   Emanuele Valeri Total matches : 26;2,031 (https://www.fotmob.com/en-GB/players/867789/emanuele-valeri)
83   Guillermo Maripán Total matches : 24;2,026 (https://www.fotmob.com/en-GB/players/402830/guillermo-maripan)
84   Berat Djimsiti Total matches : 27;2,017 (https://www.fotmob.com/en-GB/players/260964/berat-djimsiti)
85   Alessandro Bastoni Total matches : 24;2,016 (https://www.fotmob.com/en-GB/players/805451/alessandro-bastoni)
86   Giovanni Di Lorenzo Total matches : 23;2,010 (https://www.fotmob.com/en-GB/players/414906/giovanni-di-lorenzo)
87   Davide Zappacosta Total matches : 27;2,005 (https://www.fotmob.com/en-GB/players/244811/davide-zappacosta)
88   Rolando Mandragora Total matches : 28;2,003 (https://www.fotmob.com/en-GB/players/577911/rolando-mandragora)
89   Nicolò Barella Total matches : 27;1,998 (https://www.fotmob.com/en-GB/players/541820/nicolo-barella)
90   Idrissa Touré Total matches : 25;1,992 (https://www.fotmob.com/en-GB/players/731600/idrissa-toure)
91   Matteo Gabbia Total matches : 24;1,991 (https://www.fotmob.com/en-GB/players/844996/matteo-gabbia)
92   Ruslan Malinovsky Total matches : 28;1,980 (https://www.fotmob.com/en-GB/players/459658/ruslan-malinovsky)
93   Moise Kean Total matches : 25;1,965 (https://www.fotmob.com/en-GB/players/747926/moise-kean)
94   Armand Laurienté Total matches : 30;1,950 (https://www.fotmob.com/en-GB/players/935769/armand-lauriente)
95   Mattia Zaccagni Total matches : 23;1,948 (https://www.fotmob.com/en-GB/players/541555/mattia-zaccagni)
96   Samuele Angori Total matches : 27;1,947 (https://www.fotmob.com/en-GB/players/1289942/samuele-angori)
97   Alessandro Circati Total matches : 23;1,946 (https://www.fotmob.com/en-GB/players/1318686/alessandro-circati)
98   Santiago Pierotti Total matches : 29;1,923 (https://www.fotmob.com/en-GB/players/1039403/santiago-pierotti)
99   Alessandro Buongiorno Total matches : 26;1,920 (https://www.fotmob.com/en-GB/players/823018/alessandro-buongiorno)
100   Lautaro Martínez Total matches : 25;1,905 (https://www.fotmob.com/en-GB/players/690230/lautaro-martinez)
101   Sascha Britschgi Total matches : 25;1,903 (https://www.fotmob.com/en-GB/players/1693531/sascha-britschgi)
102   Giuseppe Pezzella Total matches : 23;1,902 (https://www.fotmob.com/en-GB/players/670928/giuseppe-pezzella)
103   Juan Miranda Total matches : 24;1,898 (https://www.fotmob.com/en-GB/players/873956/juan-miranda)
104   Maduka Okoye Total matches : 22;1,897 (https://www.fotmob.com/en-GB/players/1091193/maduka-okoye)
105   Alessandro Marcandalli Total matches : 24;1,894 (https://www.fotmob.com/en-GB/players/1436436/alessandro-marcandalli)
106   Torbjørn Heggem Total matches : 22;1,894 (https://www.fotmob.com/en-GB/players/935550/torbjorn-heggem)
107   Alberto Paleari Total matches : 21;1,890 (https://www.fotmob.com/en-GB/players/415137/alberto-paleari)
107   Vanja Milinkovic-Savic Total matches : 21;1,890 (https://www.fotmob.com/en-GB/players/543021/vanja-milinkovic-savic)
109   Albert Gudmundsson Total matches : 26;1,872 (https://www.fotmob.com/en-GB/players/665188/albert-gudmundsson)
110   Davide Bartesaghi Total matches : 24;1,867 (https://www.fotmob.com/en-GB/players/1385856/davide-bartesaghi)
111   Luca Ranieri Total matches : 27;1,859 (https://www.fotmob.com/en-GB/players/935406/luca-ranieri)
112   Arthur Atta Total matches : 24;1,854 (https://www.fotmob.com/en-GB/players/1428426/arthur-atta)
113   Gift Orban Total matches : 25;1,849 (https://www.fotmob.com/en-GB/players/1368557/gift-orban)
114   Stanislav Lobotka Total matches : 24;1,845 (https://www.fotmob.com/en-GB/players/308517/stanislav-lobotka)
115   Danilo Cataldi Total matches : 25;1,841 (https://www.fotmob.com/en-GB/players/362120/danilo-cataldi)
116   Federico Bonazzoli Total matches : 27;1,838 (https://www.fotmob.com/en-GB/players/543306/federico-bonazzoli)
117   Lorenzo Colombo Total matches : 30;1,837 (https://www.fotmob.com/en-GB/players/1050163/lorenzo-colombo)
118   Lautaro Valenti Total matches : 22;1,830 (https://www.fotmob.com/en-GB/players/968029/lautaro-valenti)
119   Adrien Rabiot Total matches : 21;1,830 (https://www.fotmob.com/en-GB/players/352879/adrien-rabiot)
120   Kialonda Gaspar Total matches : 22;1,829 (https://www.fotmob.com/en-GB/players/1206806/kialonda-gaspar)
121   Jamie Vardy Total matches : 25;1,828 (https://www.fotmob.com/en-GB/players/286119/jamie-vardy)
122   Keinan Davis Total matches : 26;1,827 (https://www.fotmob.com/en-GB/players/724368/keinan-davis)
123   Martin Frese Total matches : 24;1,817 (https://www.fotmob.com/en-GB/players/824623/martin-frese)
124   Jurgen Ekkelenkamp Total matches : 26;1,816 (https://www.fotmob.com/en-GB/players/934156/jurgen-ekkelenkamp)
125   Antoine Bernede Total matches : 25;1,815 (https://www.fotmob.com/en-GB/players/767013/antoine-bernede)
126   Aarón Martín Total matches : 26;1,810 (https://www.fotmob.com/en-GB/players/684981/aaron-martin)
127   Thomas Kristensen Total matches : 20;1,795 (https://www.fotmob.com/en-GB/players/1190029/thomas-kristensen)
128   Santiago Castro Total matches : 27;1,793 (https://www.fotmob.com/en-GB/players/1282008/santiago-castro)
129   Domagoj Bradaric Total matches : 23;1,792 (https://www.fotmob.com/en-GB/players/921594/domagoj-bradaric)
130   Matteo Bianchetti Total matches : 22;1,768 (https://www.fotmob.com/en-GB/players/279820/matteo-bianchetti)
131   Nicolò Zaniolo Total matches : 26;1,765 (https://www.fotmob.com/en-GB/players/818893/nicolo-zaniolo)
132   Josh Doig Total matches : 28;1,763 (https://www.fotmob.com/en-GB/players/1130330/josh-doig)
133   Marc-Oliver Kempf Total matches : 27;1,758 (https://www.fotmob.com/en-GB/players/355356/marc-oliver-kempf)
134   Isak Hien Total matches : 25;1,752 (https://www.fotmob.com/en-GB/players/939780/isak-hien)
135   Youssouf Fofana Total matches : 25;1,747 (https://www.fotmob.com/en-GB/players/954621/youssouf-fofana)
136   Matteo Politano Total matches : 27;1,739 (https://www.fotmob.com/en-GB/players/415539/matteo-politano)
137   Oliver Sørensen Total matches : 28;1,738 (https://www.fotmob.com/en-GB/players/1097009/oliver-sorensen)
138   Kristian Thorstvedt Total matches : 24;1,738 (https://www.fotmob.com/en-GB/players/921921/kristian-thorstvedt)
139   Christian Kabasele Total matches : 23;1,722 (https://www.fotmob.com/en-GB/players/149219/christian-kabasele)
140   Stefano Moreo Total matches : 29;1,716 (https://www.fotmob.com/en-GB/players/506776/stefano-moreo)
141   Nicola Leali Total matches : 20;1,713 (https://www.fotmob.com/en-GB/players/213299/nicola-leali)
142   Vítinha Total matches : 28;1,709 (https://www.fotmob.com/en-GB/players/1215057/vitinha)
143   Marcus Holmgren Pedersen Total matches : 23;1,695 (https://www.fotmob.com/en-GB/players/935622/marcus-holmgren-pedersen)
144   Riccardo Orsolini Total matches : 28;1,691 (https://www.fotmob.com/en-GB/players/661761/riccardo-orsolini)
145   Matias Soulé Total matches : 25;1,691 (https://www.fotmob.com/en-GB/players/1280082/matias-soule)
146   Éderson Total matches : 23;1,688 (https://www.fotmob.com/en-GB/players/957203/ederson)
147   Anastasios Douvikas Total matches : 30;1,668 (https://www.fotmob.com/en-GB/players/873270/anastasios-douvikas)
148   Jhon Lucumí Total matches : 22;1,657 (https://www.fotmob.com/en-GB/players/860913/jhon-lucumi)
149   Álex Valle Total matches : 23;1,649 (https://www.fotmob.com/en-GB/players/1384881/alex-valle)
150   Giovane Nascimento Total matches : 28;1,647 (https://www.fotmob.com/en-GB/players/1355574/giovane-nascimento)
151   Nicolò Bertola Total matches : 24;1,644 (https://www.fotmob.com/en-GB/players/1258292/nicolo-bertola)
152   Charles De Ketelaere Total matches : 23;1,637 (https://www.fotmob.com/en-GB/players/1095432/charles-de-ketelaere)
153   Matteo Prati Total matches : 27;1,632 (https://www.fotmob.com/en-GB/players/1396089/matteo-prati)
154   Mario Pasalic Total matches : 25;1,629 (https://www.fotmob.com/en-GB/players/446266/mario-pasalic)
155   Cesare Casadei Total matches : 26;1,626 (https://www.fotmob.com/en-GB/players/1339372/cesare-casadei)
156   Piotr Zielinski Total matches : 27;1,624 (https://www.fotmob.com/en-GB/players/362212/piotr-zielinski)
157   Teun Koopmeiners Total matches : 27;1,616 (https://www.fotmob.com/en-GB/players/866516/teun-koopmeiners)
158   Roberto Gagliardini Total matches : 22;1,593 (https://www.fotmob.com/en-GB/players/485634/roberto-gagliardini)
159   Nadir Zortea Total matches : 25;1,589 (https://www.fotmob.com/en-GB/players/1080669/nadir-zortea)
160   Giovanni Simeone Total matches : 24;1,589 (https://www.fotmob.com/en-GB/players/469615/giovanni-simeone)
161   Michael Folorunsho Total matches : 20;1,587 (https://www.fotmob.com/en-GB/players/822440/michael-folorunsho)
162   Domenico Berardi Total matches : 20;1,585 (https://www.fotmob.com/en-GB/players/364520/domenico-berardi)
163   Jari Vandeputte Total matches : 25;1,581 (https://www.fotmob.com/en-GB/players/466113/jari-vandeputte)
164   Leonardo Spinazzola Total matches : 26;1,579 (https://www.fotmob.com/en-GB/players/215242/leonardo-spinazzola)
165   Ché Adams Total matches : 27;1,571 (https://www.fotmob.com/en-GB/players/599353/che-adams)
166   Diego Carlos Total matches : 21;1,568 (https://www.fotmob.com/en-GB/players/570434/diego-carlos)
167   Yann Aurel Bisseck Total matches : 19;1,565 (https://www.fotmob.com/en-GB/players/889535/yann-aurel-bisseck)
168   Jesús Rodríguez Total matches : 26;1,548 (https://www.fotmob.com/en-GB/players/1624039/jesus-rodriguez)
169   Ardian Ismajli Total matches : 21;1,547 (https://www.fotmob.com/en-GB/players/750880/ardian-ismajli)
170   Koni De Winter Total matches : 22;1,546 (https://www.fotmob.com/en-GB/players/1200630/koni-de-winter)
171   Gleison Bremer Total matches : 19;1,545 (https://www.fotmob.com/en-GB/players/857269/gleison-bremer)
172   Eljif Elmas Total matches : 26;1,542 (https://www.fotmob.com/en-GB/players/741049/eljif-elmas)
173   Nikola Stulic Total matches : 28;1,530 (https://www.fotmob.com/en-GB/players/1178314/nikola-stulic)
174   Adrian Semper Total matches : 17;1,530 (https://www.fotmob.com/en-GB/players/747079/adrian-semper)
175   Yerry Mina Total matches : 19;1,523 (https://www.fotmob.com/en-GB/players/496042/yerry-mina)
176   Remo Freuler Total matches : 21;1,521 (https://www.fotmob.com/en-GB/players/201704/remo-freuler)
177   Juan Jesus Total matches : 21;1,503 (https://www.fotmob.com/en-GB/players/197352/juan-jesus)
178   Rafael Leão Total matches : 22;1,492 (https://www.fotmob.com/en-GB/players/848844/rafael-leao)
179   Tommaso Barbieri Total matches : 22;1,489 (https://www.fotmob.com/en-GB/players/1072056/tommaso-barbieri)
180   Francisco Conceição Total matches : 23;1,482 (https://www.fotmob.com/en-GB/players/1185336/francisco-conceicao)
181   Warren Bondo Total matches : 22;1,482 (https://www.fotmob.com/en-GB/players/1209987/warren-bondo)
182   Marcus Thuram Total matches : 23;1,479 (https://www.fotmob.com/en-GB/players/621562/marcus-thuram)
183   Nicola Zalewski Total matches : 26;1,466 (https://www.fotmob.com/en-GB/players/1053714/nicola-zalewski)
184   Mërgim Vojvoda Total matches : 25;1,460 (https://www.fotmob.com/en-GB/players/560945/mergim-vojvoda)
185   Mario Hermoso Total matches : 19;1,458 (https://www.fotmob.com/en-GB/players/671203/mario-hermoso)
186   Nikola Moro Total matches : 23;1,455 (https://www.fotmob.com/en-GB/players/641595/nikola-moro)
187   Edoardo Corvi Total matches : 16;1,440 (https://www.fotmob.com/en-GB/players/1117310/edoardo-corvi)
188   Pietro Comuzzo Total matches : 22;1,430 (https://www.fotmob.com/en-GB/players/1529222/pietro-comuzzo)
189   Mattéo Guendouzi Total matches : 16;1,430 (https://www.fotmob.com/en-GB/players/800609/matteo-guendouzi)
190   Luis Henrique Total matches : 25;1,421 (https://www.fotmob.com/en-GB/players/1114635/luis-henrique)
191   Jonathan David Total matches : 28;1,420 (https://www.fotmob.com/en-GB/players/939569/jonathan-david)
192   Lukasz Skorupski Total matches : 17;1,414 (https://www.fotmob.com/en-GB/players/178732/lukasz-skorupski)
193   Hakan Çalhanoglu Total matches : 19;1,407 (https://www.fotmob.com/en-GB/players/304733/hakan-calhanoglu)
194   Mehdi Léris Total matches : 27;1,398 (https://www.fotmob.com/en-GB/players/847357/mehdi-leris)
195   Robin Gosens Total matches : 19;1,396 (https://www.fotmob.com/en-GB/players/518346/robin-gosens)
196   Mattéo Tramoni Total matches : 24;1,375 (https://www.fotmob.com/en-GB/players/864006/matteo-tramoni)
197   Gabriele Zappa Total matches : 25;1,370 (https://www.fotmob.com/en-GB/players/949731/gabriele-zappa)
198   Fabiano Parisi Total matches : 20;1,364 (https://www.fotmob.com/en-GB/players/1093285/fabiano-parisi)
199   Nicolò Cambiaghi Total matches : 24;1,362 (https://www.fotmob.com/en-GB/players/1044029/nicolo-cambiaghi)
200   Amir Rrahmani Total matches : 16;1,360 (https://www.fotmob.com/en-GB/players/544693/amir-rrahmani)
201   Gustav Isaksen Total matches : 24;1,358 (https://www.fotmob.com/en-GB/players/1016093/gustav-isaksen)
202   Jakub Piotrowski Total matches : 26;1,357 (https://www.fotmob.com/en-GB/players/689987/jakub-piotrowski)
203   Lorenzo Bernasconi Total matches : 20;1,353 (https://www.fotmob.com/en-GB/players/1191093/lorenzo-bernasconi)
204   Lorenzo Pellegrini Total matches : 22;1,340 (https://www.fotmob.com/en-GB/players/540307/lorenzo-pellegrini)
205   Alessio Zerbin Total matches : 25;1,335 (https://www.fotmob.com/en-GB/players/850295/alessio-zerbin)
206   Sam Beukema Total matches : 18;1,323 (https://www.fotmob.com/en-GB/players/873573/sam-beukema)
207   Henrik Meister Total matches : 22;1,321 (https://www.fotmob.com/en-GB/players/1296413/henrik-meister)
208   Hassane Kamara Total matches : 19;1,305 (https://www.fotmob.com/en-GB/players/488415/hassane-kamara)
209   Petar Sucic Total matches : 27;1,294 (https://www.fotmob.com/en-GB/players/1382000/petar-sucic)
210   Christian Pulisic Total matches : 23;1,291 (https://www.fotmob.com/en-GB/players/688295/christian-pulisic)
211   Alessandro Zanoli Total matches : 19;1,290 (https://www.fotmob.com/en-GB/players/916710/alessandro-zanoli)
212   Marius Marin Total matches : 23;1,287 (https://www.fotmob.com/en-GB/players/812549/marius-marin)
213   Matteo Cancellieri Total matches : 23;1,278 (https://www.fotmob.com/en-GB/players/1146500/matteo-cancellieri)
214   Unai Núñez Total matches : 17;1,265 (https://www.fotmob.com/en-GB/players/805352/unai-nunez)
215   Armel Bella-Kotchap Total matches : 17;1,264 (https://www.fotmob.com/en-GB/players/951765/armel-bella-kotchap)
216   Martín Payero Total matches : 20;1,263 (https://www.fotmob.com/en-GB/players/874621/martin-payero)
217   Rafik Belghali Total matches : 18;1,260 (https://www.fotmob.com/en-GB/players/1231029/rafik-belghali)
218   Cher Ndour Total matches : 25;1,246 (https://www.fotmob.com/en-GB/players/1246009/cher-ndour)
219   Roberto Piccoli Total matches : 26;1,244 (https://www.fotmob.com/en-GB/players/1017401/roberto-piccoli)
220   Jens Odgaard Total matches : 22;1,244 (https://www.fotmob.com/en-GB/players/689680/jens-odgaard)
221   Nikola Krstovic Total matches : 26;1,240 (https://www.fotmob.com/en-GB/players/833638/nikola-krstovic)
222   Gianluca Gaetano Total matches : 25;1,240 (https://www.fotmob.com/en-GB/players/1012842/gianluca-gaetano)
223   Carlos Augusto Total matches : 27;1,235 (https://www.fotmob.com/en-GB/players/940829/carlos-augusto)
224   M'Bala Nzola Total matches : 23;1,235 (https://www.fotmob.com/en-GB/players/613334/mbala-nzola)
225   Kingsley Ehizibue Total matches : 25;1,234 (https://www.fotmob.com/en-GB/players/586474/kingsley-ehizibue)
226   Gvidas Gineitis Total matches : 22;1,223 (https://www.fotmob.com/en-GB/players/1421505/gvidas-gineitis)
227   Martin Vitík Total matches : 17;1,221 (https://www.fotmob.com/en-GB/players/1198712/martin-vitik)
228   Luca Pellegrini Total matches : 21;1,220 (https://www.fotmob.com/en-GB/players/807148/luca-pellegrini)
229   Lameck Banda Total matches : 24;1,217 (https://www.fotmob.com/en-GB/players/896377/lameck-banda)
230   Maxence Caqueret Total matches : 24;1,213 (https://www.fotmob.com/en-GB/players/846000/maxence-caqueret)
231   Morten Thorsby Total matches : 20;1,209 (https://www.fotmob.com/en-GB/players/439148/morten-thorsby)
232   Giorgio Scalvini Total matches : 16;1,207 (https://www.fotmob.com/en-GB/players/1202358/giorgio-scalvini)
233   Henrikh Mkhitaryan Total matches : 22;1,204 (https://www.fotmob.com/en-GB/players/73167/henrikh-mkhitaryan)
234   Francesco Pio Esposito Total matches : 28;1,201 (https://www.fotmob.com/en-GB/players/1367618/francesco-pio-esposito)
235   Zé Pedro Total matches : 16;1,201 (https://www.fotmob.com/en-GB/players/957107/ze-pedro)
236   Federico Ravaglia Total matches : 14;1,199 (https://www.fotmob.com/en-GB/players/793041/federico-ravaglia)
237   Lewis Ferguson Total matches : 20;1,190 (https://www.fotmob.com/en-GB/players/888921/lewis-ferguson)
238   Alberto Grassi Total matches : 22;1,189 (https://www.fotmob.com/en-GB/players/575364/alberto-grassi)
239   Toma Basic Total matches : 16;1,180 (https://www.fotmob.com/en-GB/players/651435/toma-basic)
240   Ivan Smolcic Total matches : 20;1,177 (https://www.fotmob.com/en-GB/players/1353289/ivan-smolcic)
241   Zion Suzuki Total matches : 13;1,170 (https://www.fotmob.com/en-GB/players/1053679/zion-suzuki)
242   Simon Sohm Total matches : 23;1,165 (https://www.fotmob.com/en-GB/players/975242/simon-sohm)
243   Raoul Bellanova Total matches : 18;1,160 (https://www.fotmob.com/en-GB/players/902651/raoul-bellanova)
244   Patrizio Masini Total matches : 22;1,156 (https://www.fotmob.com/en-GB/players/1189223/patrizio-masini)
245   Jonathan Rowe Total matches : 20;1,156 (https://www.fotmob.com/en-GB/players/1113694/jonathan-rowe)
246   Youssef Maleh Total matches : 17;1,150 (https://www.fotmob.com/en-GB/players/789243/youssef-maleh)
247   Gianluca Scamacca Total matches : 20;1,145 (https://www.fotmob.com/en-GB/players/721089/gianluca-scamacca)
248   Tommaso Pobega Total matches : 20;1,137 (https://www.fotmob.com/en-GB/players/790732/tommaso-pobega)
249   Kristjan Asllani Total matches : 15;1,135 (https://www.fotmob.com/en-GB/players/1208969/kristjan-asllani)
250   Adrien Tamèze Total matches : 22;1,109 (https://www.fotmob.com/en-GB/players/426393/adrien-tameze)
251   Suat Serdar Total matches : 20;1,108 (https://www.fotmob.com/en-GB/players/667790/suat-serdar)
252   Arturo Calabresi Total matches : 20;1,085 (https://www.fotmob.com/en-GB/players/583659/arturo-calabresi)
253   Riccardo Sottil Total matches : 21;1,072 (https://www.fotmob.com/en-GB/players/933817/riccardo-sottil)
254   Paulo Dybala Total matches : 17;1,056 (https://www.fotmob.com/en-GB/players/325916/paulo-dybala)
255   Samuele Ricci Total matches : 25;1,052 (https://www.fotmob.com/en-GB/players/941656/samuele-ricci)
256   Frank Anguissa Total matches : 14;1,035 (https://www.fotmob.com/en-GB/players/612863/frank-anguissa)
257   Gennaro Borrelli Total matches : 22;1,033 (https://www.fotmob.com/en-GB/players/1030646/gennaro-borrelli)
258   Ruben Loftus-Cheek Total matches : 23;1,025 (https://www.fotmob.com/en-GB/players/604982/ruben-loftus-cheek)
259   Martin Baturina Total matches : 21;1,025 (https://www.fotmob.com/en-GB/players/1215064/martin-baturina)
260   Francesco Acerbi Total matches : 14;1,019 (https://www.fotmob.com/en-GB/players/73024/francesco-acerbi)
261   Jordan Zemura Total matches : 15;1,018 (https://www.fotmob.com/en-GB/players/982633/jordan-zemura)
262   Nicolás Valentini Total matches : 15;1,017 (https://www.fotmob.com/en-GB/players/1249665/nicolas-valentini)
263   Nuno Tavares Total matches : 17;1,015 (https://www.fotmob.com/en-GB/players/957118/nuno-tavares)
264   Honest Ahanor Total matches : 16;1,014 (https://www.fotmob.com/en-GB/players/1669629/honest-ahanor)
265   Christopher Nkunku Total matches : 24;1,012 (https://www.fotmob.com/en-GB/players/704523/christopher-nkunku)
266   Mariano Troilo Total matches : 14;998 (https://www.fotmob.com/en-GB/players/1520184/mariano-troilo)
267   Ebenezer Akinsanmiro Total matches : 16;996 (https://www.fotmob.com/en-GB/players/1481909/ebenezer-akinsanmiro)
268   Cyril Ngonge Total matches : 20;992 (https://www.fotmob.com/en-GB/players/994403/cyril-ngonge)
269   Miguel Gutiérrez Total matches : 20;987 (https://www.fotmob.com/en-GB/players/942379/miguel-gutierrez)
270   Jamil Siebert Total matches : 13;980 (https://www.fotmob.com/en-GB/players/1185260/jamil-siebert)
271   Amin Sarr Total matches : 29;979 (https://www.fotmob.com/en-GB/players/1156568/amin-sarr)
272   Cheikh Niasse Total matches : 20;978 (https://www.fotmob.com/en-GB/players/1011022/cheikh-niasse)
273   Alessandro Deiola Total matches : 13;978 (https://www.fotmob.com/en-GB/players/449283/alessandro-deiola)
274   Mathías Olivera Total matches : 19;970 (https://www.fotmob.com/en-GB/players/729093/mathias-olivera)
275   Semih Kiliçsoy Total matches : 21;969 (https://www.fotmob.com/en-GB/players/1435689/semih-kilicsoy)
276   Oliver Provstgaard Total matches : 18;969 (https://www.fotmob.com/en-GB/players/1333331/oliver-provstgaard)
277   Kenneth Taylor Total matches : 11;963 (https://www.fotmob.com/en-GB/players/970565/kenneth-taylor)
278   Federico Gatti Total matches : 16;957 (https://www.fotmob.com/en-GB/players/1189288/federico-gatti)
279   Boulaye Dia Total matches : 19;956 (https://www.fotmob.com/en-GB/players/972120/boulaye-dia)
280   Lazar Samardzic Total matches : 23;934 (https://www.fotmob.com/en-GB/players/1050178/lazar-samardzic)
281   Denzel Dumfries Total matches : 14;930 (https://www.fotmob.com/en-GB/players/593118/denzel-dumfries)
282   Nahuel Estévez Total matches : 26;929 (https://www.fotmob.com/en-GB/players/815366/nahuel-estevez)
283   Duván Zapata Total matches : 24;928 (https://www.fotmob.com/en-GB/players/116555/duvan-zapata)
284   Alieu Fadera Total matches : 25;927 (https://www.fotmob.com/en-GB/players/1159233/alieu-fadera)
285   David Neres Total matches : 16;925 (https://www.fotmob.com/en-GB/players/793066/david-neres)
286   Jean-Daniel Akpa Akpro Total matches : 14;911 (https://www.fotmob.com/en-GB/players/279879/jean-daniel-akpa-akpro)
287   Alberto Moreno Total matches : 13;904 (https://www.fotmob.com/en-GB/players/314605/alberto-moreno)
288   Pervis Estupinán Total matches : 16;891 (https://www.fotmob.com/en-GB/players/688278/pervis-estupinan)
289   Patrick Cutrone Total matches : 15;891 (https://www.fotmob.com/en-GB/players/639671/patrick-cutrone)
290   Odilon Kossounou Total matches : 15;888 (https://www.fotmob.com/en-GB/players/1014496/odilon-kossounou)
291   Kamaldeen Sulemana Total matches : 22;885 (https://www.fotmob.com/en-GB/players/1130691/kamaldeen-sulemana)
292   Medon Berisha Total matches : 13;880 (https://www.fotmob.com/en-GB/players/1395728/medon-berisha)
293   Giovanni Fabbian Total matches : 22;863 (https://www.fotmob.com/en-GB/players/1276505/giovanni-fabbian)
294   Tete Morente Total matches : 16;859 (https://www.fotmob.com/en-GB/players/801213/tete-morente)
295   Gaetano Oristanio Total matches : 19;848 (https://www.fotmob.com/en-GB/players/1110045/gaetano-oristanio)
296   Sead Kolasinac Total matches : 13;847 (https://www.fotmob.com/en-GB/players/304345/sead-kolasinac)
297   Romano Floriani Mussolini Total matches : 21;843 (https://www.fotmob.com/en-GB/players/1307957/romano-floriani-mussolini)
298   Hans Nicolussi Caviglia Total matches : 18;842 (https://www.fotmob.com/en-GB/players/845994/hans-nicolussi-caviglia)
299   Caleb Ekuban Total matches : 25;834 (https://www.fotmob.com/en-GB/players/424614/caleb-ekuban)
300   Federico Bernardeschi Total matches : 22;827 (https://www.fotmob.com/en-GB/players/414245/federico-bernardeschi)
301   Juan Rodríguez Total matches : 10;813 (https://www.fotmob.com/en-GB/players/1621219/juan-rodriguez)
302   Alex Meret Total matches : 9;810 (https://www.fotmob.com/en-GB/players/577912/alex-meret)
302   Franco Israel Total matches : 9;810 (https://www.fotmob.com/en-GB/players/1053960/franco-israel)
302   Justin Bijlow Total matches : 9;810 (https://www.fotmob.com/en-GB/players/721533/justin-bijlow)
305   Pablo Marí Total matches : 11;809 (https://www.fotmob.com/en-GB/players/299981/pablo-mari)
306   Donyell Malen Total matches : 10;803 (https://www.fotmob.com/en-GB/players/660301/donyell-malen)
307   Marco Brescianini Total matches : 20;799 (https://www.fotmob.com/en-GB/players/950596/marco-brescianini)
308   Ange-Yoan Bonny Total matches : 25;798 (https://www.fotmob.com/en-GB/players/1199383/ange-yoan-bonny)
309   Ademola Lookman Total matches : 12;797 (https://www.fotmob.com/en-GB/players/690516/ademola-lookman)
310   Daniele Ghilardi Total matches : 16;792 (https://www.fotmob.com/en-GB/players/1386006/daniele-ghilardi)
311   Moatasem Al Musrati Total matches : 16;783 (https://www.fotmob.com/en-GB/players/649945/moatasem-al-musrati)
312   Daniel Maldini Total matches : 16;781 (https://www.fotmob.com/en-GB/players/1072054/daniel-maldini)
313   Thijs Dallinga Total matches : 21;780 (https://www.fotmob.com/en-GB/players/885085/thijs-dallinga)
314   Álvaro Morata Total matches : 19;778 (https://www.fotmob.com/en-GB/players/213501/alvaro-morata)
315   Evan Ferguson Total matches : 16;776 (https://www.fotmob.com/en-GB/players/1068482/evan-ferguson)
316   Niccolò Pisilli Total matches : 17;773 (https://www.fotmob.com/en-GB/players/1451196/niccolo-pisilli)
317   Riyad Idrissi Total matches : 23;767 (https://www.fotmob.com/en-GB/players/1668219/riyad-idrissi)
318   Fisayo Dele-Bashiru Total matches : 16;764 (https://www.fotmob.com/en-GB/players/1091907/fisayo-dele-bashiru)
319   Antonio Sanabria Total matches : 21;756 (https://www.fotmob.com/en-GB/players/474448/antonio-sanabria)
320   Devyne Rensch Total matches : 17;756 (https://www.fotmob.com/en-GB/players/1180321/devyne-rensch)
321   Ignace Van Der Brempt Total matches : 14;756 (https://www.fotmob.com/en-GB/players/1082597/ignace-van-der-brempt)
322   Jacob Ondrejka Total matches : 15;752 (https://www.fotmob.com/en-GB/players/1109476/jacob-ondrejka)
323   Luca Lipani Total matches : 16;741 (https://www.fotmob.com/en-GB/players/1369279/luca-lipani)
324   Omri Gandelman Total matches : 12;738 (https://www.fotmob.com/en-GB/players/1202114/omri-gandelman)
325   Luca Mazzitelli Total matches : 17;735 (https://www.fotmob.com/en-GB/players/513982/luca-mazzitelli)
326   Cristian Volpato Total matches : 16;734 (https://www.fotmob.com/en-GB/players/1308909/cristian-volpato)
327   Christian Ordóñez Total matches : 20;729 (https://www.fotmob.com/en-GB/players/1393542/christian-ordonez)
328   Abdou Harroui Total matches : 19;721 (https://www.fotmob.com/en-GB/players/909030/abdou-harroui)
329   Kevin De Bruyne Total matches : 11;715 (https://www.fotmob.com/en-GB/players/169200/kevin-de-bruyne)
330   Walid Cheddira Total matches : 25;714 (https://www.fotmob.com/en-GB/players/1078113/walid-cheddira)
331   Emil Holm Total matches : 12;702 (https://www.fotmob.com/en-GB/players/1014630/emil-holm)
332   Billy Gilmour Total matches : 14;700 (https://www.fotmob.com/en-GB/players/942549/billy-gilmour)
333   Valentín Castellanos Total matches : 11;694 (https://www.fotmob.com/en-GB/players/823658/valentin-castellanos)
334   Dusan Vlahovic Total matches : 14;693 (https://www.fotmob.com/en-GB/players/737857/dusan-vlahovic)
335   Aster Vranckx Total matches : 15;690 (https://www.fotmob.com/en-GB/players/1067754/aster-vranckx)
336   Emirhan Ilkhan Total matches : 14;690 (https://www.fotmob.com/en-GB/players/1301633/emirhan-ilkhan)
337   Jayden Addai Total matches : 12;688 (https://www.fotmob.com/en-GB/players/1347241/jayden-addai)
338   Pedro Total matches : 22;683 (https://www.fotmob.com/en-GB/players/150250/pedro)
339   Francesco Folino Total matches : 16;678 (https://www.fotmob.com/en-GB/players/1596106/francesco-folino)
340   Lennon Miller Total matches : 17;665 (https://www.fotmob.com/en-GB/players/1399969/lennon-miller)
341   Gabriele Piccinini Total matches : 18;664 (https://www.fotmob.com/en-GB/players/1289520/gabriele-piccinini)
342   Noa Lang Total matches : 18;662 (https://www.fotmob.com/en-GB/players/837341/noa-lang)
343   Ibrahim Sulemana Total matches : 12;660 (https://www.fotmob.com/en-GB/players/1396375/ibrahim-sulemana)
344   Neil El Aynaoui Total matches : 19;650 (https://www.fotmob.com/en-GB/players/1274060/neil-el-aynaoui)
345   Loïs Openda Total matches : 23;649 (https://www.fotmob.com/en-GB/players/747767/lois-openda)
346   Santiago Giménez Total matches : 10;640 (https://www.fotmob.com/en-GB/players/954092/santiago-gimenez)
347   Nicolas-Gerrit Kühn Total matches : 21;636 (https://www.fotmob.com/en-GB/players/888745/nicolas-gerrit-kuhn)
348   Jeff Ekhator Total matches : 24;635 (https://www.fotmob.com/en-GB/players/1669628/jeff-ekhator)
349   Francesco Camarda Total matches : 17;634 (https://www.fotmob.com/en-GB/players/1554575/francesco-camarda)
350   Andrias Edmundsson Total matches : 7;630 (https://www.fotmob.com/en-GB/players/846006/andrias-edmundsson)
350   Mattia Perin Total matches : 7;630 (https://www.fotmob.com/en-GB/players/181910/mattia-perin)
350   Simone Scuffet Total matches : 7;630 (https://www.fotmob.com/en-GB/players/423223/simone-scuffet)
353   Charalambos Lykogiannis Total matches : 10;627 (https://www.fotmob.com/en-GB/players/395914/charalambos-lykogiannis)
354   João Mário Total matches : 15;626 (https://www.fotmob.com/en-GB/players/958421/joao-mario)
354   Mohamed Kaba Total matches : 15;626 (https://www.fotmob.com/en-GB/players/1299869/mohamed-kaba)
356   Razvan Sava Total matches : 7;619 (https://www.fotmob.com/en-GB/players/1132319/razvan-sava)
357   Adam Buksa Total matches : 19;617 (https://www.fotmob.com/en-GB/players/557396/adam-buksa)
358   Enzo Ebosse Total matches : 9;617 (https://www.fotmob.com/en-GB/players/769167/enzo-ebosse)
359   Manuel Lazzari Total matches : 16;606 (https://www.fotmob.com/en-GB/players/662205/manuel-lazzari)
360   Antonio Vergara Total matches : 11;604 (https://www.fotmob.com/en-GB/players/1320863/antonio-vergara)
361   Matías Vecino Total matches : 13;599 (https://www.fotmob.com/en-GB/players/206322/matias-vecino)
362   Konstantinos Tsimikas Total matches : 16;593 (https://www.fotmob.com/en-GB/players/671529/konstantinos-tsimikas)
363   Tijjani Noslin Total matches : 21;591 (https://www.fotmob.com/en-GB/players/1282285/tijjani-noslin)
364   Nicolò Casale Total matches : 11;585 (https://www.fotmob.com/en-GB/players/814398/nicolo-casale)
365   Sebastian Otoa Total matches : 8;585 (https://www.fotmob.com/en-GB/players/1404077/sebastian-otoa)
366   Woyo Coulibaly Total matches : 13;583 (https://www.fotmob.com/en-GB/players/1074476/woyo-coulibaly)
367   Daniel Mosquera Total matches : 20;575 (https://www.fotmob.com/en-GB/players/1130732/daniel-mosquera)
368   Kieron Bowie Total matches : 7;574 (https://www.fotmob.com/en-GB/players/982617/kieron-bowie)
369   Tommaso Baldanzi Total matches : 14;562 (https://www.fotmob.com/en-GB/players/1200591/tommaso-baldanzi)
370   Malthe Højholt Total matches : 12;560 (https://www.fotmob.com/en-GB/players/1014136/malthe-hojholt)
371   Fabio Miretti Total matches : 18;545 (https://www.fotmob.com/en-GB/players/1280080/fabio-miretti)
372   Gabriel Strefezza Total matches : 7;543 (https://www.fotmob.com/en-GB/players/836436/gabriel-strefezza)
373   Alberto Dossena Total matches : 6;540 (https://www.fotmob.com/en-GB/players/822789/alberto-dossena)
373   Nícolas Total matches : 6;540 (https://www.fotmob.com/en-GB/players/282774/nicolas)
375   Niccolò Fortini Total matches : 16;530 (https://www.fotmob.com/en-GB/players/1642351/niccolo-fortini)
376   Yunus Musah Total matches : 17;529 (https://www.fotmob.com/en-GB/players/1137272/yunus-musah)
377   Junior Messias Total matches : 15;529 (https://www.fotmob.com/en-GB/players/1003368/junior-messias)
378   Stefano Sabelli Total matches : 11;519 (https://www.fotmob.com/en-GB/players/364104/stefano-sabelli)
379   Franco Vázquez Total matches : 15;516 (https://www.fotmob.com/en-GB/players/270774/franco-vazquez)
380   Reda Belahyane Total matches : 12;515 (https://www.fotmob.com/en-GB/players/1388071/reda-belahyane)
381   Zakaria Aboukhlal Total matches : 15;508 (https://www.fotmob.com/en-GB/players/846761/zakaria-aboukhlal)
382   Fali Candé Total matches : 12;507 (https://www.fotmob.com/en-GB/players/1041522/fali-cande)
383   Raúl Albiol Total matches : 8;502 (https://www.fotmob.com/en-GB/players/34029/raul-albiol)
384   Davide Frattesi Total matches : 18;499 (https://www.fotmob.com/en-GB/players/815431/davide-frattesi)
385   Abdoulaye Ndiaye Total matches : 7;496 (https://www.fotmob.com/en-GB/players/1053676/abdoulaye-ndiaye)
386   Giovanni Bonfanti Total matches : 9;495 (https://www.fotmob.com/en-GB/players/1337009/giovanni-bonfanti)
387   Zachary Athekame Total matches : 20;492 (https://www.fotmob.com/en-GB/players/1595629/zachary-athekame)
388   Adrian Benedyczak Total matches : 14;486 (https://www.fotmob.com/en-GB/players/920861/adrian-benedyczak)
389   Federico Ceccherini Total matches : 9;480 (https://www.fotmob.com/en-GB/players/244816/federico-ceccherini)
390   Rafael Obrador Total matches : 8;479 (https://www.fotmob.com/en-GB/players/1167529/rafael-obrador)
391   Benja Domínguez Total matches : 13;478 (https://www.fotmob.com/en-GB/players/1316088/benja-dominguez)
392   Ulisses Garcia Total matches : 7;478 (https://www.fotmob.com/en-GB/players/520979/ulisses-garcia)
393   Manor Solomon Total matches : 9;477 (https://www.fotmob.com/en-GB/players/822237/manor-solomon)
394   Mathias Fjørtoft Løvik Total matches : 9;472 (https://www.fotmob.com/en-GB/players/1130733/mathias-fjortoft-lovik)
395   Cristiano Biraghi Total matches : 11;466 (https://www.fotmob.com/en-GB/players/239350/cristiano-biraghi)
396   Jack Harrison Total matches : 8;460 (https://www.fotmob.com/en-GB/players/751649/jack-harrison)
397   Ardon Jashari Total matches : 9;459 (https://www.fotmob.com/en-GB/players/1163219/ardon-jashari)
398   Filip Kostic Total matches : 17;458 (https://www.fotmob.com/en-GB/players/281012/filip-kostic)
399   Jan Ziólkowski Total matches : 13;457 (https://www.fotmob.com/en-GB/players/1511063/jan-ziolkowski)
400   Francesco Coppola Total matches : 6;451 (https://www.fotmob.com/en-GB/players/1481098/francesco-coppola)
401   Assane Diao Total matches : 9;444 (https://www.fotmob.com/en-GB/players/1434889/assane-diao)
402   Sergi Roberto Total matches : 15;439 (https://www.fotmob.com/en-GB/players/212472/sergi-roberto)
403   Stephan El Shaarawy Total matches : 14;437 (https://www.fotmob.com/en-GB/players/161328/stephan-el-shaarawy)
404   Isak Vural Total matches : 9;434 (https://www.fotmob.com/en-GB/players/1400859/isak-vural)
405   Jacopo Fazzini Total matches : 15;428 (https://www.fotmob.com/en-GB/players/1329487/jacopo-fazzini)
406   Niclas Füllkrug Total matches : 14;428 (https://www.fotmob.com/en-GB/players/276791/niclas-fullkrug)
407   Tobias Slotsager Total matches : 7;424 (https://www.fotmob.com/en-GB/players/1367915/tobias-slotsager)
408   Saba Goglichidze Total matches : 8;422 (https://www.fotmob.com/en-GB/players/1507697/saba-goglichidze)
409   Vakoun Issouf Bayo Total matches : 13;420 (https://www.fotmob.com/en-GB/players/644738/vakoun-issouf-bayo)
410   Ivan Ilic Total matches : 8;415 (https://www.fotmob.com/en-GB/players/1036182/ivan-ilic)
411   Stefan de Vrij Total matches : 8;410 (https://www.fotmob.com/en-GB/players/188555/stefan-de-vrij)
412   Mattia Felici Total matches : 11;408 (https://www.fotmob.com/en-GB/players/1021302/mattia-felici)
413   Daniel Oyegoke Total matches : 12;407 (https://www.fotmob.com/en-GB/players/1098817/daniel-oyegoke)
414   Angeliño Total matches : 6;406 (https://www.fotmob.com/en-GB/players/603537/angelino)
415   Lorenzo Lucca Total matches : 16;401 (https://www.fotmob.com/en-GB/players/1212630/lorenzo-lucca)
416   Juan Cuadrado Total matches : 13;400 (https://www.fotmob.com/en-GB/players/155066/juan-cuadrado)
417   Corrie Ndaba Total matches : 11;399 (https://www.fotmob.com/en-GB/players/1041508/corrie-ndaba)
418   Pontus Almqvist Total matches : 9;399 (https://www.fotmob.com/en-GB/players/822589/pontus-almqvist)
419   Oier Zarraga Total matches : 18;392 (https://www.fotmob.com/en-GB/players/1106916/oier-zarraga)
420   Dennis Tørset Johnsen Total matches : 11;390 (https://www.fotmob.com/en-GB/players/822236/dennis-torset-johnsen)
421   Stefan Posch Total matches : 14;385 (https://www.fotmob.com/en-GB/players/557325/stefan-posch)
422   Rafiu Durosinmi Total matches : 9;385 (https://www.fotmob.com/en-GB/players/1305763/rafiu-durosinmi)
423   Artem Dovbyk Total matches : 13;384 (https://www.fotmob.com/en-GB/players/655696/artem-dovbyk)
424   Luca Marianucci Total matches : 6;384 (https://www.fotmob.com/en-GB/players/1529148/luca-marianucci)
425   Milan Djuric Total matches : 19;381 (https://www.fotmob.com/en-GB/players/108381/milan-djuric)
426   Alisson Santos Total matches : 6;377 (https://www.fotmob.com/en-GB/players/1355552/alisson-santos)
427   Patric Total matches : 9;374 (https://www.fotmob.com/en-GB/players/358149/patric)
428   Konan N’Dri Total matches : 20;363 (https://www.fotmob.com/en-GB/players/1027594/konan-ndri)
429   Marco Silvestri Total matches : 4;360 (https://www.fotmob.com/en-GB/players/165952/marco-silvestri)
430   Valentín Carboni Total matches : 12;354 (https://www.fotmob.com/en-GB/players/1347567/valentin-carboni)
431   Daniele Rugani Total matches : 8;348 (https://www.fotmob.com/en-GB/players/358155/daniele-rugani)
432   Felipe Loyola Total matches : 6;348 (https://www.fotmob.com/en-GB/players/1343374/felipe-loyola)
433   Nicolò Rovella Total matches : 8;342 (https://www.fotmob.com/en-GB/players/1020963/nicolo-rovella)
434   Rosen Bozhinov Total matches : 5;340 (https://www.fotmob.com/en-GB/players/1354820/rosen-bozhinov)
435   Oumar Ngom Total matches : 7;331 (https://www.fotmob.com/en-GB/players/1332538/oumar-ngom)
436   Zito Luvumbo Total matches : 12;321 (https://www.fotmob.com/en-GB/players/1089744/zito-luvumbo)
437   Niels Nkounkou Total matches : 9;319 (https://www.fotmob.com/en-GB/players/1104441/niels-nkounkou)
438   Lorenzo De Silvestri Total matches : 9;316 (https://www.fotmob.com/en-GB/players/25587/lorenzo-de-silvestri)
439   Michele Collocolo Total matches : 6;310 (https://www.fotmob.com/en-GB/players/774716/michele-collocolo)
440   Filip Stojilkovic Total matches : 7;304 (https://www.fotmob.com/en-GB/players/1079080/filip-stojilkovic)
441   Sandi Lovric Total matches : 8;296 (https://www.fotmob.com/en-GB/players/557346/sandi-lovric)
442   Edon Zhegrova Total matches : 13;289 (https://www.fotmob.com/en-GB/players/862616/edon-zhegrova)
443   Juan Cabal Total matches : 12;287 (https://www.fotmob.com/en-GB/players/1083562/juan-cabal)
444   Jérémie Boga Total matches : 7;276 (https://www.fotmob.com/en-GB/players/643229/jeremie-boga)
445   Giacomo Raspadori Total matches : 5;272 (https://www.fotmob.com/en-GB/players/951743/giacomo-raspadori)
446   Edoardo Motta Total matches : 3;270 (https://www.fotmob.com/en-GB/players/1621082/edoardo-motta)
446   Simone Perilli Total matches : 3;270 (https://www.fotmob.com/en-GB/players/364515/simone-perilli)
448   Joseph Liteta Total matches : 4;266 (https://www.fotmob.com/en-GB/players/1807301/joseph-liteta)
449   Mattia Viti Total matches : 10;260 (https://www.fotmob.com/en-GB/players/1116749/mattia-viti)
450   Filippo Romagna Total matches : 4;257 (https://www.fotmob.com/en-GB/players/528440/filippo-romagna)
451   Mikayil Faye Total matches : 8;250 (https://www.fotmob.com/en-GB/players/1518451/mikayil-faye)
452   Tino Anjorin Total matches : 13;245 (https://www.fotmob.com/en-GB/players/983199/tino-anjorin)
453   Edoardo Iannoni Total matches : 14;239 (https://www.fotmob.com/en-GB/players/1189692/edoardo-iannoni)
454   Edin Dzeko Total matches : 11;236 (https://www.fotmob.com/en-GB/players/15403/edin-dzeko)
455   Pol Lirola Total matches : 4;233 (https://www.fotmob.com/en-GB/players/769335/pol-lirola)
456   Adam Masina Total matches : 5;232 (https://www.fotmob.com/en-GB/players/500502/adam-masina)
457   Pasquale Mazzocchi Total matches : 11;230 (https://www.fotmob.com/en-GB/players/675327/pasquale-mazzocchi)
458   Christ-Owen Kouassi Total matches : 4;228 (https://www.fotmob.com/en-GB/players/1669441/christ-owen-kouassi)
459   Fallou Cham Total matches : 6;227 (https://www.fotmob.com/en-GB/players/1805105/fallou-cham)
460   Andy Diouf Total matches : 14;226 (https://www.fotmob.com/en-GB/players/1254297/andy-diouf)
461   Leonardo Pavoletti Total matches : 13;217 (https://www.fotmob.com/en-GB/players/231176/leonardo-pavoletti)
462   Petar Ratkov Total matches : 7;217 (https://www.fotmob.com/en-GB/players/1302821/petar-ratkov)
463   Iker Bravo Total matches : 8;204 (https://www.fotmob.com/en-GB/players/1308892/iker-bravo)
464   Mateus Lusuardi Total matches : 3;199 (https://www.fotmob.com/en-GB/players/1531814/mateus-lusuardi)
465   Luca Moro Total matches : 12;195 (https://www.fotmob.com/en-GB/players/1022843/luca-moro)
466   Ciro Immobile Total matches : 6;191 (https://www.fotmob.com/en-GB/players/161660/ciro-immobile)
467   Andrea Belotti Total matches : 3;190 (https://www.fotmob.com/en-GB/players/309726/andrea-belotti)
468   Lorenzo Venturino Total matches : 9;186 (https://www.fotmob.com/en-GB/players/1707510/lorenzo-venturino)
469   Leon Bailey Total matches : 7;182 (https://www.fotmob.com/en-GB/players/671331/leon-bailey)
470   Nicolae Stanciu Total matches : 4;181 (https://www.fotmob.com/en-GB/players/308516/nicolae-stanciu)
471   Daniele Padelli Total matches : 2;180 (https://www.fotmob.com/en-GB/players/42692/daniele-padelli)
471   Josep Martínez Total matches : 2;180 (https://www.fotmob.com/en-GB/players/772168/josep-martinez)
473   Daniele Sommariva Total matches : 2;175 (https://www.fotmob.com/en-GB/players/577914/daniele-sommariva)
474   Idrissa Gueye Total matches : 11;174 (https://www.fotmob.com/en-GB/players/1532261/idrissa-gueye)
475   Sandro Kulenovic Total matches : 7;174 (https://www.fotmob.com/en-GB/players/823113/sandro-kulenovic)
476   Vasilije Adzic Total matches : 10;163 (https://www.fotmob.com/en-GB/players/1382375/vasilije-adzic)
477   Elseid Hysaj Total matches : 4;162 (https://www.fotmob.com/en-GB/players/293160/elseid-hysaj)
478   Álex Sala Total matches : 8;154 (https://www.fotmob.com/en-GB/players/1280198/alex-sala)
479   David Okereke Total matches : 4;154 (https://www.fotmob.com/en-GB/players/740161/david-okereke)
480   Jeremy Sarmiento Total matches : 7;137 (https://www.fotmob.com/en-GB/players/1298925/jeremy-sarmiento)
481   Bryan Zaragoza Total matches : 4;135 (https://www.fotmob.com/en-GB/players/1202525/bryan-zaragoza)
482   Daniel Boloca Total matches : 2;135 (https://www.fotmob.com/en-GB/players/850055/daniel-boloca)
483   Nicholas Pierini Total matches : 11;134 (https://www.fotmob.com/en-GB/players/720649/nicholas-pierini)
484   Robinio Vaz Total matches : 7;132 (https://www.fotmob.com/en-GB/players/1705134/robinio-vaz)
485   Benjamín Cremaschi Total matches : 8;129 (https://www.fotmob.com/en-GB/players/1354177/benjamin-cremaschi)
486   Pietro Terracciano Total matches : 2;124 (https://www.fotmob.com/en-GB/players/281762/pietro-terracciano)
487   Daniel Denoon Total matches : 2;123 (https://www.fotmob.com/en-GB/players/1676885/daniel-denoon)
488   Thórir Helgason Total matches : 7;120 (https://www.fotmob.com/en-GB/players/939593/thorir-helgason)
489   Matteo Palma Total matches : 5;116 (https://www.fotmob.com/en-GB/players/1645922/matteo-palma)
490   Rui Modesto Total matches : 3;116 (https://www.fotmob.com/en-GB/players/1188665/rui-modesto)
491   Alieu Njie Total matches : 9;114 (https://www.fotmob.com/en-GB/players/1607014/alieu-njie)
492   Samuel Iling-Junior Total matches : 5;107 (https://www.fotmob.com/en-GB/players/1368061/samuel-iling-junior)
493   Lorran Total matches : 8;103 (https://www.fotmob.com/en-GB/players/1435445/lorran)
494   Maxwel Cornet Total matches : 7;103 (https://www.fotmob.com/en-GB/players/426880/maxwel-cornet)
495   Albert Grønbæk Total matches : 4;101 (https://www.fotmob.com/en-GB/players/1133381/albert-gronbaek)
496   Amorim Total matches : 5;96 (https://www.fotmob.com/en-GB/players/1469120/amorim)
497   Tomás Suslov Total matches : 5;93 (https://www.fotmob.com/en-GB/players/1127054/tomas-suslov)
498   Benjamin Pavard Total matches : 1;90 (https://www.fotmob.com/en-GB/players/611223/benjamin-pavard)
498   Filippo Rinaldi Total matches : 1;90 (https://www.fotmob.com/en-GB/players/1197339/filippo-rinaldi)
498   Stefano Turati Total matches : 1;90 (https://www.fotmob.com/en-GB/players/869054/stefano-turati)
501   Faris Moumbagna Total matches : 5;88 (https://www.fotmob.com/en-GB/players/952325/faris-moumbagna)
502   Massimo Pessina Total matches : 1;82 (https://www.fotmob.com/en-GB/players/1696050/massimo-pessina)
503   Yael Trepy Total matches : 7;81 (https://www.fotmob.com/en-GB/players/1861022/yael-trepy)
504   Darryl Bakola Total matches : 3;79 (https://www.fotmob.com/en-GB/players/1641041/darryl-bakola)
505   Branimir Mlacic Total matches : 3;76 (https://www.fotmob.com/en-GB/players/1712223/branimir-mlacic)
506   Eddy Kouadio Total matches : 3;70 (https://www.fotmob.com/en-GB/players/1676901/eddy-kouadio)
506   Matteo Darmian Total matches : 3;70 (https://www.fotmob.com/en-GB/players/46820/matteo-darmian)
508   Hernani Total matches : 4;69 (https://www.fotmob.com/en-GB/players/267374/hernani)
509   Alessandro Di Pardo Total matches : 3;53 (https://www.fotmob.com/en-GB/players/951711/alessandro-di-pardo)
510   Juan Arizala Total matches : 4;50 (https://www.fotmob.com/en-GB/players/1450999/juan-arizala)
511   Nesta Elphege Total matches : 3;50 (https://www.fotmob.com/en-GB/players/1460253/nesta-elphege)
512   Álex Jiménez Total matches : 1;45 (https://www.fotmob.com/en-GB/players/1526689/alex-jimenez)
513   Calvin Stengs Total matches : 4;42 (https://www.fotmob.com/en-GB/players/800624/calvin-stengs)
514   Grigoris Kastanos Total matches : 6;40 (https://www.fotmob.com/en-GB/players/625797/grigoris-kastanos)
515   Romelu Lukaku Total matches : 5;40 (https://www.fotmob.com/en-GB/players/181276/romelu-lukaku)
516   Nicolò Cavuoti Total matches : 4;40 (https://www.fotmob.com/en-GB/players/1290613/nicolo-cavuoti)
517   Amir Richardson Total matches : 2;40 (https://www.fotmob.com/en-GB/players/1255860/amir-richardson)
518   Sadik Fofana Total matches : 4;36 (https://www.fotmob.com/en-GB/players/1285732/sadik-fofana)
519   Giuseppe Ambrosino Total matches : 3;35 (https://www.fotmob.com/en-GB/players/1316205/giuseppe-ambrosino)
520   Matías Pérez Total matches : 1;32 (https://www.fotmob.com/en-GB/players/1766079/matias-perez)
521   Seydou Fini Total matches : 1;31 (https://www.fotmob.com/en-GB/players/1445163/seydou-fini)
522   Louis Buffon Total matches : 4;29 (https://www.fotmob.com/en-GB/players/1717609/louis-buffon)
523   Dachi Lordkipanidze Total matches : 1;28 (https://www.fotmob.com/en-GB/players/1668225/dachi-lordkipanidze)
524   Olaf Gorter Total matches : 2;27 (https://www.fotmob.com/en-GB/players/1414124/olaf-gorter)
525   Christian Kouamé Total matches : 2;25 (https://www.fotmob.com/en-GB/players/776940/christian-kouame)
525   Tariq Lamptey Total matches : 2;25 (https://www.fotmob.com/en-GB/players/955139/tariq-lamptey)
527   Abdelhamid Sabiri Total matches : 1;25 (https://www.fotmob.com/en-GB/players/769644/abdelhamid-sabiri)
527   Samuel Chukwueze Total matches : 1;25 (https://www.fotmob.com/en-GB/players/688300/samuel-chukwueze)
529   Balthazar Pierret Total matches : 3;24 (https://www.fotmob.com/en-GB/players/1125446/balthazar-pierret)
530   Antonio Arena Total matches : 2;21 (https://www.fotmob.com/en-GB/players/1726757/antonio-arena)
531   Ali Dembélé Total matches : 2;19 (https://www.fotmob.com/en-GB/players/1429871/ali-dembele)
532   Isaac Aguiar Total matches : 1;19 (https://www.fotmob.com/en-GB/players/1459741/isaac-aguiar)
533   Gaby Jean Total matches : 2;17 (https://www.fotmob.com/en-GB/players/1388474/gaby-jean)
533   Jean Onana Total matches : 2;17 (https://www.fotmob.com/en-GB/players/1027740/jean-onana)
533   Nicolás González Total matches : 2;17 (https://www.fotmob.com/en-GB/players/841672/nicolas-gonzalez)
536   Paul Mendy Total matches : 1;17 (https://www.fotmob.com/en-GB/players/1902196/paul-mendy)
537   Edoardo Goldaniga Total matches : 2;14 (https://www.fotmob.com/en-GB/players/362121/edoardo-goldaniga)
537   Manuel De Luca Total matches : 2;14 (https://www.fotmob.com/en-GB/players/793048/manuel-de-luca)
539   Agustín Albarracín Total matches : 1;14 (https://www.fotmob.com/en-GB/players/1473706/agustin-albarracin)
540   Tomás Esteves Total matches : 1;13 (https://www.fotmob.com/en-GB/players/1077237/tomas-esteves)
541   Arkadiusz Milik Total matches : 1;11 (https://www.fotmob.com/en-GB/players/277460/arkadiusz-milik)
542   Andrea Ghion Total matches : 1;9 (https://www.fotmob.com/en-GB/players/1055183/andrea-ghion)
542   Laurs Skjellerup Total matches : 1;9 (https://www.fotmob.com/en-GB/players/1163273/laurs-skjellerup)
544   Ioan Vermesan Total matches : 1;8 (https://www.fotmob.com/en-GB/players/1775258/ioan-vermesan)
545   Matteo Lavelli Total matches : 1;7 (https://www.fotmob.com/en-GB/players/1682320/matteo-lavelli)
546   Alessando Romano Total matches : 2;6 (https://www.fotmob.com/en-GB/players/1705649/alessando-romano)
547   Othniël Raterink Total matches : 1;6 (https://www.fotmob.com/en-GB/players/1444577/othniel-raterink)
548   David Odogu Total matches : 2;5 (https://www.fotmob.com/en-GB/players/1469996/david-odogu)
548   Yellu Santiago Total matches : 2;5 (https://www.fotmob.com/en-GB/players/1358337/yellu-santiago)
550   Cheveyo Mul-Balentien Total matches : 2;4 (https://www.fotmob.com/en-GB/players/1794177/cheveyo-mul-balentien)
550   Franco Carboni Total matches : 2;4 (https://www.fotmob.com/en-GB/players/1199360/franco-carboni)
552   Andréa Le Borgne Total matches : 1;1 (https://www.fotmob.com/en-GB/players/1790181/andrea-le-borgne)
552   Cas Odenthal Total matches : 1;1 (https://www.fotmob.com/en-GB/players/1079501/cas-odenthal)
552   Joi Xheto Nuredini Total matches : 1;1 (https://www.fotmob.com/en-GB/players/1729334/joi-xheto-nuredini)
552   Junior Ajayi Total matches : 1;1 (https://www.fotmob.com/en-GB/players/1646353/junior-ajayi)
552   Nils Zätterström Total matches : 1;1 (https://www.fotmob.com/en-GB/players/1612523/nils-zatterstrom)
552   Pedro Felipe Total matches : 1;1 (https://www.fotmob.com/en-GB/players/1644302/pedro-felipe)
552   Tjas Begic Total matches : 1;1 (https://www.fotmob.com/en-GB/players/1172405/tjas-begic)