#;Team;Name
1;(https://www.sofascore.com/football/team/juventus/2687);Manuel Locatelli (https://www.sofascore.com/football/player/manuel-locatelli/363860)
2;(https://www.sofascore.com/football/team/parma/2690);Filippo Rinaldi (https://www.sofascore.com/football/player/filippo-rinaldi/1002428)
3;(https://www.sofascore.com/football/team/milan/2692);Luka Modrić (https://www.sofascore.com/football/player/luka-modric/15466)
4;(https://www.sofascore.com/football/team/juventus/2687);Kenan Yıldız (https://www.sofascore.com/football/player/yildiz-kenan/1149011)
5;(https://www.sofascore.com/football/team/inter/2697);Federico Dimarco (https://www.sofascore.com/football/player/federico-dimarco/284361)
6;(https://www.sofascore.com/football/team/inter/2697);Hakan Çalhanoğlu (https://www.sofascore.com/football/player/hakan-calhanoglu/135700)
7;(https://www.sofascore.com/football/team/lazio/2699);Edoardo Motta (https://www.sofascore.com/football/player/edoardo-motta/1518983)
8;(https://www.sofascore.com/football/team/inter/2697);Benjamin Pavard (https://www.sofascore.com/football/player/benjamin-pavard/787505)
9;(https://www.sofascore.com/football/team/inter/2697);Alessandro Bastoni (https://www.sofascore.com/football/player/alessandro-bastoni/826188)
10;(https://www.sofascore.com/football/team/atalanta/2686);Marco Carnesecchi (https://www.sofascore.com/football/player/marco-carnesecchi/865646)
11;(https://www.sofascore.com/football/team/milan/2692);Adrien Rabiot (https://www.sofascore.com/football/player/adrien-rabiot/250737)
12;(https://www.sofascore.com/football/team/napoli/2714);Alisson Santos (https://www.sofascore.com/football/player/alisson-santos/1122835)
13;(https://www.sofascore.com/football/team/como/2704);Nico Paz (https://www.sofascore.com/football/player/nico-paz/1171451)
14;(https://www.sofascore.com/football/team/lazio/2699);Mario Gila Fuentes (https://www.sofascore.com/football/player/mario-gila-fuentes/965828)
15;(https://www.sofascore.com/football/team/atalanta/2686);Charles De Ketelaere (https://www.sofascore.com/football/player/charles-de-ketelaere/960441)
16;(https://www.sofascore.com/football/team/milan/2692);Mike Maignan (https://www.sofascore.com/football/player/mike-maignan/191210)
17;(https://www.sofascore.com/football/team/bologna/2685);Federico Ravaglia (https://www.sofascore.com/football/player/federico-ravaglia/850952)
18;(https://www.sofascore.com/football/team/milan/2692);Alexis Saelemaekers (https://www.sofascore.com/football/player/alexis-saelemaekers/901891)
19;(https://www.sofascore.com/football/team/genoa/2713);Leo Østigård (https://www.sofascore.com/football/player/leo-ostigard/879746)
20;(https://www.sofascore.com/football/team/como/2704);Jean Butez (https://www.sofascore.com/football/player/jean-butez/599114)
21;(https://www.sofascore.com/football/team/como/2704);Jacobo Ramón (https://www.sofascore.com/football/player/jacobo-naveros/1403348)
22;(https://www.sofascore.com/football/team/lecce/2689);Medon Berisha (https://www.sofascore.com/football/player/medon-berisha/1142149)
23;(https://www.sofascore.com/football/team/milan/2692);Samuel Chukwueze (https://www.sofascore.com/football/player/samuel-chukwueze/822470)
24;(https://www.sofascore.com/football/team/como/2704);Martin Baturina (https://www.sofascore.com/football/player/martin-baturina/1090019)
25;(https://www.sofascore.com/football/team/sassuolo/2793);Arijanet Murić (https://www.sofascore.com/football/player/arijanet-muric/888971)
26;(https://www.sofascore.com/football/team/fiorentina/2693);Nicolò Fagioli (https://www.sofascore.com/football/player/nicolo-fagioli/901850)
27;(https://www.sofascore.com/football/team/lazio/2699);Ivan Provedel (https://www.sofascore.com/football/player/ivan-provedel/308182)
28;(https://www.sofascore.com/football/team/inter/2697);Piotr Zieliński (https://www.sofascore.com/football/player/piotr-zielinski/138605)
29;(https://www.sofascore.com/football/team/cagliari/2719);Andrea Belotti (https://www.sofascore.com/football/player/andrea-belotti/220223)
30;(https://www.sofascore.com/football/team/fiorentina/2693);Manor Solomon (https://www.sofascore.com/football/player/manor-solomon/862223)
31;(https://www.sofascore.com/football/team/lazio/2699);Nicolò Rovella (https://www.sofascore.com/football/player/nicolo-rovella/937324)
32;(https://www.sofascore.com/football/team/inter/2697);Nicolò Barella (https://www.sofascore.com/football/player/nicolo-barella/363856)
33;(https://www.sofascore.com/football/team/napoli/2714);Amir Rrahmani (https://www.sofascore.com/football/player/amir-rrahmani/332155)
34;(https://www.sofascore.com/football/team/sassuolo/2793);Domenico Berardi (https://www.sofascore.com/football/player/domenico-berardi/253367)
35;(https://www.sofascore.com/football/team/cremonese/2761);Emil Audero (https://www.sofascore.com/football/player/emil-audero/318603)
36;(https://www.sofascore.com/football/team/bologna/2685);Nikola Moro (https://www.sofascore.com/football/player/nikola-moro/814882)
37;(https://www.sofascore.com/football/team/inter/2697);Manuel Akanji (https://www.sofascore.com/football/player/manuel-akanji/383560)
38;(https://www.sofascore.com/football/team/juventus/2687);Jérémie Boga (https://www.sofascore.com/football/player/jeremie-boga/367056)
39;(https://www.sofascore.com/football/team/atalanta/2686);Giorgio Scalvini (https://www.sofascore.com/football/player/giorgio-scalvini/1012176)
40;(https://www.sofascore.com/football/team/inter/2697);Yann Bisseck (https://www.sofascore.com/football/player/yann-bisseck/906275)
41;(https://www.sofascore.com/football/team/milan/2692);Strahinja Pavlović (https://www.sofascore.com/football/player/strahinja-pavlovic/965893)
42;(https://www.sofascore.com/football/team/cagliari/2719);Elia Caprile (https://www.sofascore.com/football/player/elia-caprile/947954)
43;(https://www.sofascore.com/football/team/udinese/2695);Oumar Solet (https://www.sofascore.com/football/player/oumar-solet/892979)
44;(https://www.sofascore.com/football/team/atalanta/2686);Marten de Roon (https://www.sofascore.com/football/player/marten-de-roon/100389)
45;(https://www.sofascore.com/football/team/roma/2702);Matías Soulé (https://www.sofascore.com/football/player/matias-soule/1082406)
46;(https://www.sofascore.com/football/team/napoli/2714);Billy Gilmour (https://www.sofascore.com/football/player/gilmour-billy/907668)
47;(https://www.sofascore.com/football/team/roma/2702);Mile Svilar (https://www.sofascore.com/football/player/svilar-mile/793986)
48;(https://www.sofascore.com/football/team/como/2704);Lucas Da Cunha (https://www.sofascore.com/football/player/lucas-da-cunha/911848)
49;(https://www.sofascore.com/football/team/inter/2697);Francesco Acerbi (https://www.sofascore.com/football/player/francesco-acerbi/126816)
50;(https://www.sofascore.com/football/team/udinese/2695);Keinan Davis (https://www.sofascore.com/football/player/keinan-davis/830858)
51;(https://www.sofascore.com/football/team/parma/2690);Adrián Bernabé (https://www.sofascore.com/football/player/adrian-bernabe/934384)
52;(https://www.sofascore.com/football/team/juventus/2687);Bremer (https://www.sofascore.com/football/player/bremer/885197)
53;(https://www.sofascore.com/football/team/roma/2702);Wesley (https://www.sofascore.com/football/player/wesley-franca/1134200)
54;(https://www.sofascore.com/football/team/milan/2692);Christian Pulišić (https://www.sofascore.com/football/player/christian-pulisic/817957)
55;(https://www.sofascore.com/football/team/napoli/2714);Leonardo Spinazzola (https://www.sofascore.com/football/player/leonardo-spinazzola/148899)
56;(https://www.sofascore.com/football/team/milan/2692);Pietro Terracciano (https://www.sofascore.com/football/player/pietro-terracciano/136856)
57;(https://www.sofascore.com/football/team/pisa/2737);Adrian Šemper (https://www.sofascore.com/football/player/adrian-semper/814876)
58;(https://www.sofascore.com/football/team/pisa/2737);Simone Scuffet (https://www.sofascore.com/football/player/simone-scuffet/284349)
59;(https://www.sofascore.com/football/team/roma/2702);Bryan Cristante (https://www.sofascore.com/football/player/bryan-cristante/186855)
60;(https://www.sofascore.com/football/team/cagliari/2719);Marco Palestra (https://www.sofascore.com/football/player/palestra-marco/1397736)
61;(https://www.sofascore.com/football/team/inter/2697);Lautaro Martínez (https://www.sofascore.com/football/player/lautaro-martinez/823984)
62;(https://www.sofascore.com/football/team/genoa/2713);Junior Messias (https://www.sofascore.com/football/player/junior-messias/888219)
63;(https://www.sofascore.com/football/team/napoli/2714);Frank Anguissa (https://www.sofascore.com/football/player/frank-anguissa/787941)
64;(https://www.sofascore.com/football/team/torino/2696);Alberto Paleari (https://www.sofascore.com/football/player/alberto-paleari/259281)
65;(https://www.sofascore.com/football/team/como/2704);Marc-Oliver Kempf (https://www.sofascore.com/football/player/marc-oliver-kempf/226974)
66;(https://www.sofascore.com/football/team/parma/2690);Alessandro Circati (https://www.sofascore.com/football/player/alessandro-circati/1155423)
67;(https://www.sofascore.com/football/team/roma/2702);Manu Koné (https://www.sofascore.com/football/player/manu-kone/974087)
68;(https://www.sofascore.com/football/team/milan/2692);Fikayo Tomori (https://www.sofascore.com/football/player/fikayo-tomori/788255)
69;(https://www.sofascore.com/football/team/napoli/2714);Scott McTominay (https://www.sofascore.com/football/player/scott-mctominay/879346)
70;(https://www.sofascore.com/football/team/napoli/2714);David Neres (https://www.sofascore.com/football/player/david-neres/850993)
71;(https://www.sofascore.com/football/team/roma/2702);Evan Ndicka (https://www.sofascore.com/football/player/evan-ndicka/848287)
72;(https://www.sofascore.com/football/team/milan/2692);Davide Bartesaghi (https://www.sofascore.com/football/player/davide-bartesaghi/1390489)
73;(https://www.sofascore.com/football/team/fiorentina/2693);Rolando Mandragora (https://www.sofascore.com/football/player/rolando-mandragora/548178)
74;(https://www.sofascore.com/football/team/como/2704);Máximo Perrone (https://www.sofascore.com/football/player/maximo-perrone/1086286)
75;(https://www.sofascore.com/football/team/sassuolo/2793);Ismael Koné (https://www.sofascore.com/football/player/ismael-kone/1134351)
76;(https://www.sofascore.com/football/team/atalanta/2686);Nicola Zalewski (https://www.sofascore.com/football/player/nicola-zalewski/984184)
77;(https://www.sofascore.com/football/team/lecce/2689);Matías Pérez (https://www.sofascore.com/football/player/matias-ignacio-perez-sepulveda/1801193)
78;(https://www.sofascore.com/football/team/como/2704);Edoardo Goldaniga (https://www.sofascore.com/football/player/edoardo-goldaniga/295133)
79;(https://www.sofascore.com/football/team/lazio/2699);Mattéo Guendouzi (https://www.sofascore.com/football/player/matteo-guendouzi/852404)
80;(https://www.sofascore.com/football/team/sassuolo/2793);Nemanja Matić (https://www.sofascore.com/football/player/nemanja-matic/44241)
81;(https://www.sofascore.com/football/team/parma/2690);Zion Suzuki (https://www.sofascore.com/football/player/zion-suzuki/905351)
82;(https://www.sofascore.com/football/team/inter/2697);Stefan de Vrij (https://www.sofascore.com/football/player/stefan-de-vrij/91046)
83;(https://www.sofascore.com/football/team/parma/2690);Edoardo Corvi (https://www.sofascore.com/football/player/edoardo-corvi/990411)
84;(https://www.sofascore.com/football/team/roma/2702);Donyell Malen (https://www.sofascore.com/football/player/donyell-malen/803039)
85;(https://www.sofascore.com/football/team/bologna/2685);Nicolò Cambiaghi (https://www.sofascore.com/football/player/cambiaghi-nicolo/971005)
86;(https://www.sofascore.com/football/team/milan/2692);Koni De Winter (https://www.sofascore.com/football/player/de-winter-koni/1001828)
87;(https://www.sofascore.com/football/team/fiorentina/2693);Dodô (https://www.sofascore.com/football/player/dodo/822518)
88;(https://www.sofascore.com/football/team/bologna/2685);Jhon Lucumí (https://www.sofascore.com/football/player/jhon-lucumi/818481)
89;(https://www.sofascore.com/football/team/lazio/2699);Alessio Romagnoli (https://www.sofascore.com/football/player/alessio-romagnoli/227864)
90;(https://www.sofascore.com/football/team/cagliari/2719);Sebastiano Esposito (https://www.sofascore.com/football/player/sebastiano-esposito/965008)
91;(https://www.sofascore.com/football/team/fiorentina/2693);Fabiano Parisi (https://www.sofascore.com/football/player/fabiano-parisi/972886)
92;(https://www.sofascore.com/football/team/roma/2702);Mario Hermoso (https://www.sofascore.com/football/player/mario-hermoso/353130)
93;(https://www.sofascore.com/football/team/atalanta/2686);Lorenzo Bernasconi (https://www.sofascore.com/football/player/lorenzo-bernasconi/1012177)
94;(https://www.sofascore.com/football/team/hellas-verona/2701);Roberto Gagliardini (https://www.sofascore.com/football/player/roberto-gagliardini/287057)
95;(https://www.sofascore.com/football/team/lecce/2689);Wladimiro Falcone (https://www.sofascore.com/football/player/wladimiro-falcone/256667)
96;(https://www.sofascore.com/football/team/juventus/2687);Francisco Conceição (https://www.sofascore.com/football/player/francisco-conceicao/979222)
97;(https://www.sofascore.com/football/team/bologna/2685);Juan Miranda (https://www.sofascore.com/football/player/juan-miranda/855829)
98;(https://www.sofascore.com/football/team/milan/2692);Matteo Gabbia (https://www.sofascore.com/football/player/matteo-gabbia/826195)
99;(https://www.sofascore.com/football/team/genoa/2713);Aarón Martín (https://www.sofascore.com/football/player/aaron-martin/797286)
100;(https://www.sofascore.com/football/team/atalanta/2686);Mario Pašalić (https://www.sofascore.com/football/player/mario-pasalic/190437)
101;(https://www.sofascore.com/football/team/juventus/2687);Khéphren Thuram (https://www.sofascore.com/football/player/khephren-thuram/904832)
102;(https://www.sofascore.com/football/team/lazio/2699);Kenneth Taylor (https://www.sofascore.com/football/player/kenneth-taylor/959806)
103;(https://www.sofascore.com/football/team/atalanta/2686);Berat Djimsiti (https://www.sofascore.com/football/player/berat-djimsiti/151003)
104;(https://www.sofascore.com/football/team/lazio/2699);Oliver Provstgaard (https://www.sofascore.com/football/player/oliver-provstgaard/1160559)
105;(https://www.sofascore.com/football/team/lazio/2699);Mattia Zaccagni (https://www.sofascore.com/football/player/mattia-zaccagni/293581)
106;(https://www.sofascore.com/football/team/inter/2697);Yann Sommer (https://www.sofascore.com/football/player/yann-sommer/16206)
107;(https://www.sofascore.com/football/team/genoa/2713);Morten Frendrup (https://www.sofascore.com/football/player/morten-frendrup/918440)
108;(https://www.sofascore.com/football/team/atalanta/2686);Éderson (https://www.sofascore.com/football/player/ederson/946888)
109;(https://www.sofascore.com/football/team/napoli/2714);Matteo Politano (https://www.sofascore.com/football/player/matteo-politano/235672)
110;(https://www.sofascore.com/football/team/cremonese/2761);Jari Vandeputte (https://www.sofascore.com/football/player/jari-vandeputte/318645)
111;(https://www.sofascore.com/football/team/roma/2702);Gianluca Mancini (https://www.sofascore.com/football/player/gianluca-mancini/611210)
112;(https://www.sofascore.com/football/team/juventus/2687);Lloyd Kelly (https://www.sofascore.com/football/player/lloyd-kelly/865167)
113;(https://www.sofascore.com/football/team/pisa/2737);Michel Aebischer (https://www.sofascore.com/football/player/michel-aebischer/850891)
114;(https://www.sofascore.com/football/team/cagliari/2719);Yerry Mina (https://www.sofascore.com/football/player/yerry-mina/360396)
115;(https://www.sofascore.com/football/team/parma/2690);Mariano Troilo (https://www.sofascore.com/football/player/mariano-troilo/1516324)
116;(https://www.sofascore.com/football/team/milan/2692);Rafael Leão (https://www.sofascore.com/football/player/rafael-leao/851284)
117;(https://www.sofascore.com/football/team/lecce/2689);Tiago Gabriel (https://www.sofascore.com/football/player/tiago-gabriel/1651825)
118;(https://www.sofascore.com/football/team/torino/2696);Nikola Vlašić (https://www.sofascore.com/football/player/nikola-vlasic/357596)
119;(https://www.sofascore.com/football/team/inter/2697);Henrikh Mkhitaryan (https://www.sofascore.com/football/player/henrikh-mkhitaryan/37151)
120;(https://www.sofascore.com/football/team/juventus/2687);Filip Kostić (https://www.sofascore.com/football/player/filip-kostic/126588)
121;(https://www.sofascore.com/football/team/napoli/2714);Kevin De Bruyne (https://www.sofascore.com/football/player/kevin-de-bruyne/70996)
122;(https://www.sofascore.com/football/team/inter/2697);Carlos Augusto (https://www.sofascore.com/football/player/carlos-augusto/929199)
123;(https://www.sofascore.com/football/team/cremonese/2761);Federico Bonazzoli (https://www.sofascore.com/football/player/federico-bonazzoli/284363)
124;(https://www.sofascore.com/football/team/genoa/2713);Ruslan Malinovskyi (https://www.sofascore.com/football/player/ruslan-malinovskyi/195850)
125;(https://www.sofascore.com/football/team/sassuolo/2793);Ulisses Garcia (https://www.sofascore.com/football/player/ulisses-garcia/558320)
126;(https://www.sofascore.com/football/team/juventus/2687);Pierre Kalulu (https://www.sofascore.com/football/player/pierre-kalulu/965330)
127;(https://www.sofascore.com/football/team/napoli/2714);Noa Lang (https://www.sofascore.com/football/player/noa-lang/875136)
128;(https://www.sofascore.com/football/team/parma/2690);Mandela Keita (https://www.sofascore.com/football/player/mandela-keita/1110136)
129;(https://www.sofascore.com/football/team/lazio/2699);Nuno Tavares (https://www.sofascore.com/football/player/nuno-tavares/944973)
130;(https://www.sofascore.com/football/team/sassuolo/2793);Armand Laurienté (https://www.sofascore.com/football/player/armand-lauriente/932643)
131;(https://www.sofascore.com/football/team/napoli/2714);Stanislav Lobotka (https://www.sofascore.com/football/player/stanislav-lobotka/150383)
132;(https://www.sofascore.com/football/team/roma/2702);Bryan Zaragoza (https://www.sofascore.com/football/player/bryan-zaragoza/1084730)
133;(https://www.sofascore.com/football/team/genoa/2713);Nicola Leali (https://www.sofascore.com/football/player/nicola-leali/98059)
134;(https://www.sofascore.com/football/team/como/2704);Ivan Smolčić (https://www.sofascore.com/football/player/ivan-smolcic/974581)
135;(https://www.sofascore.com/football/team/lazio/2699);Valentín Castellanos (https://www.sofascore.com/football/player/valentin-castellanos/877013)
136;(https://www.sofascore.com/football/team/lazio/2699);Danilo Cataldi (https://www.sofascore.com/football/player/danilo-cataldi/317301)
137;(https://www.sofascore.com/football/team/udinese/2695);Maduka Okoye (https://www.sofascore.com/football/player/maduka-okoye/891656)
138;(https://www.sofascore.com/football/team/lecce/2689);Ylber Ramadani (https://www.sofascore.com/football/player/ylber-ramadani/841977)
139;(https://www.sofascore.com/football/team/lazio/2699);Matteo Cancellieri (https://www.sofascore.com/football/player/matteo-cancellieri/1017649)
140;(https://www.sofascore.com/football/team/napoli/2714);Giovanni Di Lorenzo (https://www.sofascore.com/football/player/giovanni-di-lorenzo/153257)
141;(https://www.sofascore.com/football/team/udinese/2695);Thomas Kristensen (https://www.sofascore.com/football/player/thomas-kristensen/1063373)
142;(https://www.sofascore.com/football/team/sassuolo/2793);Tarik Muharemović (https://www.sofascore.com/football/player/tarik-muharemovic/1118177)
143;(https://www.sofascore.com/football/team/como/2704);Jayden Addai (https://www.sofascore.com/football/player/jayden-addai/1177723)
144;(https://www.sofascore.com/football/team/torino/2696);Guillermo Maripán (https://www.sofascore.com/football/player/guillermo-maripan/339909)
145;(https://www.sofascore.com/football/team/atalanta/2686);Davide Zappacosta (https://www.sofascore.com/football/player/davide-zappacosta/132318)
146;(https://www.sofascore.com/football/team/torino/2696);Saúl Coco (https://www.sofascore.com/football/player/saul-coco/1089453)
147;(https://www.sofascore.com/football/team/como/2704);Maxence Caqueret (https://www.sofascore.com/football/player/maxence-caqueret/859027)
148;(https://www.sofascore.com/football/team/napoli/2714);Antonio Vergara (https://www.sofascore.com/football/player/antonio-vergara/1069560)
149;(https://www.sofascore.com/football/team/pisa/2737);Ebenezer Akinsanmiro (https://www.sofascore.com/football/player/ebenezer-akinsanmiro/1525367)
150;(https://www.sofascore.com/football/team/como/2704);Diego Carlos (https://www.sofascore.com/football/player/diego-carlos/604232)
151;(https://www.sofascore.com/football/team/pisa/2737);Samuele Angori (https://www.sofascore.com/football/player/samuele-angori/1174457)
152;(https://www.sofascore.com/football/team/lazio/2699);Patric (https://www.sofascore.com/football/player/patric/217784)
153;(https://www.sofascore.com/football/team/inter/2697);Luís Henrique (https://www.sofascore.com/football/player/luis-henrique/977679)
154;(https://www.sofascore.com/football/team/roma/2702);Jan Ziółkowski (https://www.sofascore.com/football/player/jan-ziolkowski/1499991)
155;(https://www.sofascore.com/football/team/juventus/2687);Andrea Cambiaso (https://www.sofascore.com/football/player/cambiaso-andrea/917048)
156;(https://www.sofascore.com/football/team/como/2704);Anastasios Douvikas (https://www.sofascore.com/football/player/douvikas-anastasios/894863)
157;(https://www.sofascore.com/football/team/milan/2692);Samuele Ricci (https://www.sofascore.com/football/player/samuele-ricci/930189)
158;(https://www.sofascore.com/football/team/parma/2690);Emanuele Valeri (https://www.sofascore.com/football/player/emanuele-valeri/891346)
159;(https://www.sofascore.com/football/team/torino/2696);Ardian Ismajli (https://www.sofascore.com/football/player/ardian-ismajli/840414)
160;(https://www.sofascore.com/football/team/torino/2696);Kristjan Asllani (https://www.sofascore.com/football/player/kristjan-asllani/996820)
161;(https://www.sofascore.com/football/team/napoli/2714);Vanja Milinković-Savić (https://www.sofascore.com/football/player/vanja-milinkovic-savic/356160)
162;(https://www.sofascore.com/football/team/atalanta/2686);Isak Hien (https://www.sofascore.com/football/player/hien-isak/1157713)
163;(https://www.sofascore.com/football/team/juventus/2687);Weston McKennie (https://www.sofascore.com/football/player/weston-mckennie/881931)
164;(https://www.sofascore.com/football/team/torino/2696);Niels Nkounkou (https://www.sofascore.com/football/player/nkounkou-niels/941179)
165;(https://www.sofascore.com/football/team/udinese/2695);Daniele Padelli (https://www.sofascore.com/football/player/daniele-padelli/2899)
166;(https://www.sofascore.com/football/team/roma/2702);Angeliño (https://www.sofascore.com/football/player/angelino/848355)
167;(https://www.sofascore.com/football/team/inter/2697);Marcus Thuram (https://www.sofascore.com/football/player/marcus-thuram/791702)
168;(https://www.sofascore.com/football/team/bologna/2685);Remo Freuler (https://www.sofascore.com/football/player/remo-freuler/115516)
169;(https://www.sofascore.com/football/team/fiorentina/2693);Robin Gosens (https://www.sofascore.com/football/player/robin-gosens/377118)
170;(https://www.sofascore.com/football/team/cagliari/2719);Luca Mazzitelli (https://www.sofascore.com/football/player/luca-mazzitelli/369866)
171;(https://www.sofascore.com/football/team/sassuolo/2793);Kristian Thorstvedt (https://www.sofascore.com/football/player/kristian-thorstvedt/924973)
172;(https://www.sofascore.com/football/team/bologna/2685);Federico Bernardeschi (https://www.sofascore.com/football/player/federico-bernardeschi/294597)
173;(https://www.sofascore.com/football/team/como/2704);Assane Diao (https://www.sofascore.com/football/player/assane-diao/1493689)
174;(https://www.sofascore.com/football/team/milan/2692);Ardon Jashari (https://www.sofascore.com/football/player/ardon-jashari/1034082)
175;(https://www.sofascore.com/football/team/genoa/2713);Justin Bijlow (https://www.sofascore.com/football/player/bijlow-justin/556696)
176;(https://www.sofascore.com/football/team/roma/2702);Zeki Çelik (https://www.sofascore.com/football/player/zeki-celik/893008)
177;(https://www.sofascore.com/football/team/lecce/2689);Jamil Siebert (https://www.sofascore.com/football/player/jamil-siebert/1014287)
178;(https://www.sofascore.com/football/team/udinese/2695);Christian Kabasele (https://www.sofascore.com/football/player/christian-kabasele/58351)
179;(https://www.sofascore.com/football/team/como/2704);Alberto Moreno (https://www.sofascore.com/football/player/alberto-moreno/229740)
180;(https://www.sofascore.com/football/team/como/2704);Ignace Van der Brempt (https://www.sofascore.com/football/player/ignace-van-der-brempt/989186)
181;(https://www.sofascore.com/football/team/pisa/2737);Mehdi Léris (https://www.sofascore.com/football/player/mehdi-leris/851222)
182;(https://www.sofascore.com/football/team/juventus/2687);Michele Di Gregorio (https://www.sofascore.com/football/player/michele-di-gregorio/844609)
183;(https://www.sofascore.com/football/team/inter/2697);Ange-Yoan Bonny (https://www.sofascore.com/football/player/ange-yoan-bonny/1086223)
184;(https://www.sofascore.com/football/team/udinese/2695);Arthur Atta (https://www.sofascore.com/football/player/atta-arthur/1444690)
185;(https://www.sofascore.com/football/team/genoa/2713);Brooke Norton-Cuffy (https://www.sofascore.com/football/player/brooke-norton-cuffy/1087514)
186;(https://www.sofascore.com/football/team/inter/2697);Petar Sučić (https://www.sofascore.com/football/player/petar-sucic/1091303)
187;(https://www.sofascore.com/football/team/cremonese/2761);Federico Baschirotto (https://www.sofascore.com/football/player/federico-baschirotto/786175)
188;(https://www.sofascore.com/football/team/parma/2690);Lautaro Valenti (https://www.sofascore.com/football/player/lautaro-valenti/958517)
189;(https://www.sofascore.com/football/team/como/2704);Jesús Rodriguez (https://www.sofascore.com/football/player/jesus-rodriguez/1800245)
190;(https://www.sofascore.com/football/team/juventus/2687);Federico Gatti (https://www.sofascore.com/football/player/federico-gatti/1128063)
191;(https://www.sofascore.com/football/team/udinese/2695);Alessandro Zanoli (https://www.sofascore.com/football/player/zanoli-alessandro/922928)
192;(https://www.sofascore.com/football/team/bologna/2685);Riccardo Orsolini (https://www.sofascore.com/football/player/riccardo-orsolini/793645)
193;(https://www.sofascore.com/football/team/lazio/2699);Toma Bašić (https://www.sofascore.com/football/player/toma-basic/798002)
194;(https://www.sofascore.com/football/team/bologna/2685);Santiago Castro (https://www.sofascore.com/football/player/santiago-castro/1116577)
195;(https://www.sofascore.com/football/team/udinese/2695);Nicolò Zaniolo (https://www.sofascore.com/football/player/nicolo-zaniolo/864898)
196;(https://www.sofascore.com/football/team/fiorentina/2693);David De Gea (https://www.sofascore.com/football/player/david-de-gea/69378)
197;(https://www.sofascore.com/football/team/pisa/2737);Juan Cuadrado (https://www.sofascore.com/football/player/juan-cuadrado/47743)
198;(https://www.sofascore.com/football/team/atalanta/2686);Sead Kolašinac (https://www.sofascore.com/football/player/sead-kolasinac/142148)
199;(https://www.sofascore.com/football/team/parma/2690);Nahuel Estévez (https://www.sofascore.com/football/player/nahuel-estevez/895868)
200;(https://www.sofascore.com/football/team/pisa/2737);Stefano Moreo (https://www.sofascore.com/football/player/stefano-moreo/346948)
201;(https://www.sofascore.com/football/team/lazio/2699);Gustav Isaksen (https://www.sofascore.com/football/player/gustav-isaksen/976381)
202;(https://www.sofascore.com/football/team/hellas-verona/2701);Jean-Daniel Akpa Akpro (https://www.sofascore.com/football/player/jean-daniel-akpa-akpro/164511)
203;(https://www.sofascore.com/football/team/cremonese/2761);Matteo Bianchetti (https://www.sofascore.com/football/player/matteo-bianchetti/158037)
204;(https://www.sofascore.com/football/team/cagliari/2719);Gianluca Gaetano (https://www.sofascore.com/football/player/gaetano-gianluca/902019)
205;(https://www.sofascore.com/football/team/fiorentina/2693);Luca Ranieri (https://www.sofascore.com/football/player/luca-ranieri/893998)
206;(https://www.sofascore.com/football/team/genoa/2713);Vitinha (https://www.sofascore.com/football/player/vitinha/1093695)
207;(https://www.sofascore.com/football/team/cremonese/2761);Filippo Terracciano (https://www.sofascore.com/football/player/terracciano-filippo/1034303)
208;(https://www.sofascore.com/football/team/napoli/2714);Sam Beukema (https://www.sofascore.com/football/player/sam-beukema/898815)
209;(https://www.sofascore.com/football/team/bologna/2685);Massimo Pessina (https://www.sofascore.com/football/player/massimo-pessina/1530540)
210;(https://www.sofascore.com/football/team/lecce/2689);Gaby Jean (https://www.sofascore.com/football/player/gaby-jean/1392819)
211;(https://www.sofascore.com/football/team/cremonese/2761);Marco Silvestri (https://www.sofascore.com/football/player/marco-silvestri/43970)
212;(https://www.sofascore.com/football/team/hellas-verona/2701);Yellu Santiago (https://www.sofascore.com/football/player/yellu-santiago/1211005)
213;(https://www.sofascore.com/football/team/fiorentina/2693);Abdelhamid Sabiri (https://www.sofascore.com/football/player/abdelhamid-sabiri/807400)
214;(https://www.sofascore.com/football/team/genoa/2713);Patrizio Masini (https://www.sofascore.com/football/player/patrizio-masini/970998)
215;(https://www.sofascore.com/football/team/cremonese/2761);Milan Đurić (https://www.sofascore.com/football/player/milan-duric/76132)
216;(https://www.sofascore.com/football/team/torino/2696);Emirhan İlkhan (https://www.sofascore.com/football/player/emirhan-ilkhan/1142612)
217;(https://www.sofascore.com/football/team/napoli/2714);Alessandro Buongiorno (https://www.sofascore.com/football/player/alessandro-buongiorno/870263)
218;(https://www.sofascore.com/football/team/lecce/2689);Kialonda Gaspar (https://www.sofascore.com/football/player/kialonda-gaspar/1090374)
219;(https://www.sofascore.com/football/team/fiorentina/2693);Albert Guðmundsson (https://www.sofascore.com/football/player/albert-gudmundsson/804909)
220;(https://www.sofascore.com/football/team/bologna/2685);Łukasz Skorupski (https://www.sofascore.com/football/player/lukasz-skorupski/44906)
221;(https://www.sofascore.com/football/team/udinese/2695);Jürgen Ekkelenkamp (https://www.sofascore.com/football/player/jurgen-ekkelenkamp/904887)
222;(https://www.sofascore.com/football/team/atalanta/2686);Lazar Samardžić (https://www.sofascore.com/football/player/lazar-samardzic/980624)
223;(https://www.sofascore.com/football/team/torino/2696);Giovanni Simeone (https://www.sofascore.com/football/player/giovanni-simeone/341143)
224;(https://www.sofascore.com/football/team/pisa/2737);Idrissa Touré (https://www.sofascore.com/football/player/idrissa-toure/826326)
225;(https://www.sofascore.com/football/team/napoli/2714);Miguel Gutiérrez (https://www.sofascore.com/football/player/miguel-gutierrez/908716)
226;(https://www.sofascore.com/football/team/cagliari/2719);Adam Obert (https://www.sofascore.com/football/player/adam-obert/964153)
227;(https://www.sofascore.com/football/team/juventus/2687);Emil Holm (https://www.sofascore.com/football/player/emil-holm/965264)
228;(https://www.sofascore.com/football/team/udinese/2695);Juan Arizala (https://www.sofascore.com/football/player/arizala-juan/1476922)
229;(https://www.sofascore.com/football/team/roma/2702);Daniele Ghilardi (https://www.sofascore.com/football/player/daniele-ghilardi/1384847)
230;(https://www.sofascore.com/football/team/cremonese/2761);Sebastiano Luperto (https://www.sofascore.com/football/player/sebastiano-luperto/352736)
231;(https://www.sofascore.com/football/team/roma/2702);Lorenzo Pellegrini (https://www.sofascore.com/football/player/lorenzo-pellegrini/555540)
232;(https://www.sofascore.com/football/team/lecce/2689);Lassana Coulibaly (https://www.sofascore.com/football/player/coulibaly-lassana/804621)
233;(https://www.sofascore.com/football/team/como/2704);Álex Valle (https://www.sofascore.com/football/player/valle-alex/1142238)
234;(https://www.sofascore.com/football/team/lazio/2699);Pedro (https://www.sofascore.com/football/player/pedro/35428)
235;(https://www.sofascore.com/football/team/lecce/2689);Antonino Gallo (https://www.sofascore.com/football/player/antonino-gallo/945616)
236;(https://www.sofascore.com/football/team/udinese/2695);Rui Modesto (https://www.sofascore.com/football/player/rui-modesto/1068286)
237;(https://www.sofascore.com/football/team/fiorentina/2693);Eddy Kouadio (https://www.sofascore.com/football/player/eddy-kouadio/1526933)
238;(https://www.sofascore.com/football/team/napoli/2714);Eljif Elmas (https://www.sofascore.com/football/player/eljif-elmas/838232)
239;(https://www.sofascore.com/football/team/bologna/2685);João Mário (https://www.sofascore.com/football/player/joao-mario/902031)
240;(https://www.sofascore.com/football/team/torino/2696);Cesare Casadei (https://www.sofascore.com/football/player/cesare-casadei/1016788)
241;(https://www.sofascore.com/football/team/atalanta/2686);Yunus Musah (https://www.sofascore.com/football/player/yunus-musah/983815)
242;(https://www.sofascore.com/football/team/cremonese/2761);Mikayil Faye (https://www.sofascore.com/football/player/mikayil-faye/1002564)
243;(https://www.sofascore.com/football/team/lecce/2689);Riccardo Sottil (https://www.sofascore.com/football/player/riccardo-sottil/893640)
244;(https://www.sofascore.com/football/team/cagliari/2719);Alessandro Deiola (https://www.sofascore.com/football/player/alessandro-deiola/328109)
245;(https://www.sofascore.com/football/team/pisa/2737);Matteo Tramoni (https://www.sofascore.com/football/player/matteo-tramoni/887275)
246;(https://www.sofascore.com/football/team/atalanta/2686);Nikola Krstović (https://www.sofascore.com/football/player/nikola-krstovic/839156)
247;(https://www.sofascore.com/football/team/juventus/2687);Teun Koopmeiners (https://www.sofascore.com/football/player/teun-koopmeiners/803033)
248;(https://www.sofascore.com/football/team/sassuolo/2793);Cristian Volpato (https://www.sofascore.com/football/player/volpato-cristian/1155625)
249;(https://www.sofascore.com/football/team/atalanta/2686);Ademola Lookman (https://www.sofascore.com/football/player/ademola-lookman/824200)
250;(https://www.sofascore.com/football/team/cremonese/2761);Franco Vázquez (https://www.sofascore.com/football/player/franco-vazquez/215246)
251;(https://www.sofascore.com/football/team/bologna/2685);Lewis Ferguson (https://www.sofascore.com/football/player/lewis-ferguson/907152)
252;(https://www.sofascore.com/football/team/torino/2696);Valentino Lazaro (https://www.sofascore.com/football/player/valentino-lazaro/233826)
253;(https://www.sofascore.com/football/team/cremonese/2761);Tommaso Barbieri (https://www.sofascore.com/football/player/tommaso-barbieri/993389)
254;(https://www.sofascore.com/football/team/fiorentina/2693);Tariq Lamptey (https://www.sofascore.com/football/player/lamptey-tariq/914691)
255;(https://www.sofascore.com/football/team/genoa/2713);Johan Vásquez (https://www.sofascore.com/football/player/johan-vasquez/889785)
256;(https://www.sofascore.com/football/team/parma/2690);Hans Nicolussi Caviglia (https://www.sofascore.com/football/player/hans-nicolussi-caviglia/876259)
257;(https://www.sofascore.com/football/team/parma/2690);Mateo Pellegrino (https://www.sofascore.com/football/player/pellegrino-mateo/1099296)
258;(https://www.sofascore.com/football/team/roma/2702);Devyne Rensch (https://www.sofascore.com/football/player/devyne-rensch/982778)
259;(https://www.sofascore.com/football/team/lazio/2699);Adam Marušić (https://www.sofascore.com/football/player/adam-marusic/267619)
260;(https://www.sofascore.com/football/team/bologna/2685);Lorenzo De Silvestri (https://www.sofascore.com/football/player/lorenzo-de-silvestri/14718)
261;(https://www.sofascore.com/football/team/hellas-verona/2701);Tobias Slotsager (https://www.sofascore.com/football/player/tobias-slotsager/1133236)
262;(https://www.sofascore.com/football/team/juventus/2687);Juan Cabal (https://www.sofascore.com/football/player/juan-cabal/988037)
263;(https://www.sofascore.com/football/team/bologna/2685);Martin Vitík (https://www.sofascore.com/football/player/martin-vitik/1085913)
264;(https://www.sofascore.com/football/team/atalanta/2686);Kamaldeen Sulemana (https://www.sofascore.com/football/player/kamaldeen-sulemana/1019442)
265;(https://www.sofascore.com/football/team/atalanta/2686);Giacomo Raspadori (https://www.sofascore.com/football/player/giacomo-raspadori/865651)
266;(https://www.sofascore.com/football/team/bologna/2685);Charalampos Lykogiannis (https://www.sofascore.com/football/player/charalampos-lykogiannis/98212)
267;(https://www.sofascore.com/football/team/fiorentina/2693);Marin Pongračić (https://www.sofascore.com/football/player/marin-pongracic/847467)
268;(https://www.sofascore.com/football/team/pisa/2737);Isak Vural (https://www.sofascore.com/football/player/isak-vural/1210995)
269;(https://www.sofascore.com/football/team/roma/2702);Lorenzo Venturino (https://www.sofascore.com/football/player/lorenzo-venturino/1618563)
270;(https://www.sofascore.com/football/team/sassuolo/2793);Darryl Bakola (https://www.sofascore.com/football/player/darryl-bakola/1823916)
271;(https://www.sofascore.com/football/team/lecce/2689);Danilo Veiga (https://www.sofascore.com/football/player/danilo-veiga/1002045)
272;(https://www.sofascore.com/football/team/hellas-verona/2701);Martin Frese (https://www.sofascore.com/football/player/frese-martin/874812)
273;(https://www.sofascore.com/football/team/hellas-verona/2701);Andrias Edmundsson (https://www.sofascore.com/football/player/andrias-edmundsson/906963)
274;(https://www.sofascore.com/football/team/milan/2692);Zachary Athekame (https://www.sofascore.com/football/player/zachary-athekame/1409700)
275;(https://www.sofascore.com/football/team/hellas-verona/2701);Suat Serdar (https://www.sofascore.com/football/player/suat-serdar/800408)
276;(https://www.sofascore.com/football/team/bologna/2685);Jonathan Rowe (https://www.sofascore.com/football/player/jonathan-rowe/1065261)
277;(https://www.sofascore.com/football/team/lazio/2699);Daniel Maldini (https://www.sofascore.com/football/player/daniel-maldini/970928)
278;(https://www.sofascore.com/football/team/sassuolo/2793);Filippo Romagna (https://www.sofascore.com/football/player/filippo-romagna/356032)
279;(https://www.sofascore.com/football/team/hellas-verona/2701);Armel Bella-Kotchap (https://www.sofascore.com/football/player/armel-bella-kotchap/976025)
280;(https://www.sofascore.com/football/team/torino/2696);Che Adams (https://www.sofascore.com/football/player/che-adams/773409)
281;(https://www.sofascore.com/football/team/udinese/2695);Adam Buksa (https://www.sofascore.com/football/player/adam-buksa/1138856)
282;(https://www.sofascore.com/football/team/sassuolo/2793);Sebastian Walukiewicz (https://www.sofascore.com/football/player/sebastian-walukiewicz/886243)
283;(https://www.sofascore.com/football/team/como/2704);Mërgim Vojvoda (https://www.sofascore.com/football/player/mergim-vojvoda/798147)
284;(https://www.sofascore.com/football/team/cagliari/2719);Mattia Felici (https://www.sofascore.com/football/player/felici-mattia/975811)
285;(https://www.sofascore.com/football/team/torino/2696);Gvidas Gineitis (https://www.sofascore.com/football/player/gineitis-gvidas/1030829)
286;(https://www.sofascore.com/football/team/parma/2690);Enrico Delprato (https://www.sofascore.com/football/player/enrico-del-prato/928103)
287;(https://www.sofascore.com/football/team/lecce/2689);Oumar Ngom (https://www.sofascore.com/football/player/ngom-oumar/1175854)
288;(https://www.sofascore.com/football/team/cremonese/2761);Jeremy Sarmiento (https://www.sofascore.com/football/player/jeremy-sarmiento/983816)
289;(https://www.sofascore.com/football/team/cagliari/2719);Gennaro Borrelli (https://www.sofascore.com/football/player/borrelli-gennaro/979479)
290;(https://www.sofascore.com/football/team/udinese/2695);Jesper Karlström (https://www.sofascore.com/football/player/jesper-karlstrom/227894)
291;(https://www.sofascore.com/football/team/hellas-verona/2701);Rafik Belghali (https://www.sofascore.com/football/player/belghali-rafik/1103488)
292;(https://www.sofascore.com/football/team/genoa/2713);Valentín Carboni (https://www.sofascore.com/football/player/valentin-carboni/1153083)
293;(https://www.sofascore.com/football/team/como/2704);Stefan Posch (https://www.sofascore.com/football/player/stefan-posch/355486)
294;(https://www.sofascore.com/football/team/fiorentina/2693);Marco Brescianini (https://www.sofascore.com/football/player/marco-brescianini/928800)
295;(https://www.sofascore.com/football/team/napoli/2714);Juan Jesus (https://www.sofascore.com/football/player/juan-jesus/108484)
296;(https://www.sofascore.com/football/team/cremonese/2761);Giuseppe Pezzella (https://www.sofascore.com/football/player/giuseppe-pezzella/814589)
297;(https://www.sofascore.com/football/team/roma/2702);Paulo Dybala (https://www.sofascore.com/football/player/paulo-dybala/256219)
298;(https://www.sofascore.com/football/team/milan/2692);Pervis Estupiñán (https://www.sofascore.com/football/player/pervis-estupinan/805465)
299;(https://www.sofascore.com/football/team/cremonese/2761);Youssef Maleh (https://www.sofascore.com/football/player/maleh-youssef/849274)
300;(https://www.sofascore.com/football/team/cremonese/2761);David Okereke (https://www.sofascore.com/football/player/david-okereke/831290)
301;(https://www.sofascore.com/football/team/cagliari/2719);Alberto Dossena (https://www.sofascore.com/football/player/dossena-alberto/870211)
302;(https://www.sofascore.com/football/team/udinese/2695);Hassane Kamara (https://www.sofascore.com/football/player/hassane-kamara/351434)
303;(https://www.sofascore.com/football/team/cagliari/2719);Agustín Albarracín (https://www.sofascore.com/football/player/agustin-albarracin/1464187)
304;(https://www.sofascore.com/football/team/sassuolo/2793);Andrea Ghion (https://www.sofascore.com/football/player/andrea-ghion/928879)
305;(https://www.sofascore.com/football/team/milan/2692);David Odogu (https://www.sofascore.com/football/player/odogu-david/1424191)
306;(https://www.sofascore.com/football/team/genoa/2713);Daniele Sommariva (https://www.sofascore.com/football/player/daniele-sommariva/595572)
307;(https://www.sofascore.com/football/team/juventus/2687);Mattia Perin (https://www.sofascore.com/football/player/mattia-perin/79645)
308;(https://www.sofascore.com/football/team/juventus/2687);Nicolás González (https://www.sofascore.com/football/player/nicolas-gonzalez/901325)
309;(https://www.sofascore.com/football/team/cagliari/2719);Paul Mendy (https://www.sofascore.com/football/player/paul-mendy/2049928)
310;(https://www.sofascore.com/football/team/fiorentina/2693);Niccolò Fortini (https://www.sofascore.com/football/player/niccolo-fortini/1526934)
311;(https://www.sofascore.com/football/team/lazio/2699);Matías Vecino (https://www.sofascore.com/football/player/matias-vecino/158615)
312;(https://www.sofascore.com/football/team/bologna/2685);Nadir Zortea (https://www.sofascore.com/football/player/zortea-nadir/928104)
313;(https://www.sofascore.com/football/team/pisa/2737);Marius Marin (https://www.sofascore.com/football/player/marius-marin/797596)
314;(https://www.sofascore.com/football/team/genoa/2713);Stefano Sabelli (https://www.sofascore.com/football/player/stefano-sabelli/184421)
315;(https://www.sofascore.com/football/team/parma/2690);Pontus Almqvist (https://www.sofascore.com/football/player/pontus-almqvist/856065)
316;(https://www.sofascore.com/football/team/lecce/2689);Lameck Banda (https://www.sofascore.com/football/player/lameck-banda/911350)
317;(https://www.sofascore.com/football/team/sassuolo/2793);Alieu Fadera (https://www.sofascore.com/football/player/fadera-alieu/1031548)
318;(https://www.sofascore.com/football/team/genoa/2713);Sebastian Otoa (https://www.sofascore.com/football/player/otoa-sebastian/1404639)
319;(https://www.sofascore.com/football/team/bologna/2685);Jens Odgaard (https://www.sofascore.com/football/player/jens-odgaard/826064)
320;(https://www.sofascore.com/football/team/bologna/2685);Torbjørn Heggem (https://www.sofascore.com/football/player/torbjorn-heggem/933264)
321;(https://www.sofascore.com/football/team/genoa/2713);Tommaso Baldanzi (https://www.sofascore.com/football/player/tommaso-baldanzi/1012172)
322;(https://www.sofascore.com/football/team/udinese/2695);Iker Bravo (https://www.sofascore.com/football/player/iker-bravo/1155571)
323;(https://www.sofascore.com/football/team/cremonese/2761);Morten Thorsby (https://www.sofascore.com/football/player/morten-thorsby/280991)
324;(https://www.sofascore.com/football/team/fiorentina/2693);Moise Kean (https://www.sofascore.com/football/player/moise-kean/835601)
325;(https://www.sofascore.com/football/team/milan/2692);Youssouf Fofana (https://www.sofascore.com/football/player/youssouf-fofana/945062)
326;(https://www.sofascore.com/football/team/atalanta/2686);Raoul Bellanova (https://www.sofascore.com/football/player/raoul-bellanova/826185)
327;(https://www.sofascore.com/football/team/juventus/2687);Edon Zhegrova (https://www.sofascore.com/football/player/edon-zhegrova/887766)
328;(https://www.sofascore.com/football/team/udinese/2695);Lennon Miller (https://www.sofascore.com/football/player/lennon-miller/1154894)
329;(https://www.sofascore.com/football/team/lazio/2699);Tijjani Noslin (https://www.sofascore.com/football/player/tijjani-noslin/1069244)
330;(https://www.sofascore.com/football/team/udinese/2695);Jakub Piotrowski (https://www.sofascore.com/football/player/jakub-piotrowski/825271)
331;(https://www.sofascore.com/football/team/cremonese/2761);Francesco Folino (https://www.sofascore.com/football/player/francesco-folino/1424353)
332;(https://www.sofascore.com/football/team/torino/2696);Luca Marianucci (https://www.sofascore.com/football/player/marianucci-luca/1165371)
333;(https://www.sofascore.com/football/team/milan/2692);Christopher Nkunku (https://www.sofascore.com/football/player/christopher-nkunku/769333)
334;(https://www.sofascore.com/football/team/torino/2696);Franco Israel (https://www.sofascore.com/football/player/franco-israel/1084846)
335;(https://www.sofascore.com/football/team/pisa/2737);Raúl Albiol (https://www.sofascore.com/football/player/raul-albiol/3041)
336;(https://www.sofascore.com/football/team/torino/2696);Ivan Ilić (https://www.sofascore.com/football/player/ivan-ilic/877371)
337;(https://www.sofascore.com/football/team/genoa/2713);Albert Grønbæk (https://www.sofascore.com/football/player/albert-gronbaek/1000263)
338;(https://www.sofascore.com/football/team/hellas-verona/2701);Victor Nelsson (https://www.sofascore.com/football/player/victor-nelsson/846148)
339;(https://www.sofascore.com/football/team/genoa/2713);Mikael Ellertsson (https://www.sofascore.com/football/player/mikael-ellertsson/933203)
340;(https://www.sofascore.com/football/team/inter/2697);Francesco Pio Esposito (https://www.sofascore.com/football/player/francesco-pio-esposito/1156616)
341;(https://www.sofascore.com/football/team/udinese/2695);Răzvan Sava (https://www.sofascore.com/football/player/razvan-sava/1001997)
342;(https://www.sofascore.com/football/team/cremonese/2761);Alberto Grassi (https://www.sofascore.com/football/player/alberto-grassi/186845)
343;(https://www.sofascore.com/football/team/lazio/2699);Luca Pellegrini (https://www.sofascore.com/football/player/luca-pellegrini/826186)
344;(https://www.sofascore.com/football/team/juventus/2687);Fabio Miretti (https://www.sofascore.com/football/player/fabio-miretti/1010223)
345;(https://www.sofascore.com/football/team/torino/2696);Cyril Ngonge (https://www.sofascore.com/football/player/cyril-ngonge/877037)
346;(https://www.sofascore.com/football/team/cagliari/2719);Zé Pedro (https://www.sofascore.com/football/player/ze-pedro/945448)
347;(https://www.sofascore.com/football/team/pisa/2737);Antonio Caracciolo (https://www.sofascore.com/football/player/antonio-caracciolo/116666)
348;(https://www.sofascore.com/football/team/cagliari/2719);Yael Trepy (https://www.sofascore.com/football/player/yael-trepy/1615784)
349;(https://www.sofascore.com/football/team/parma/2690);Nesta Elphege (https://www.sofascore.com/football/player/elphege-nesta/1486729)
350;(https://www.sofascore.com/football/team/lecce/2689);Balthazar Pierret (https://www.sofascore.com/football/player/balthazar-pierret/1014651)
351;(https://www.sofascore.com/football/team/roma/2702);Stephan El Shaarawy (https://www.sofascore.com/football/player/stephan-el-shaarawy/45925)
352;(https://www.sofascore.com/football/team/lazio/2699);Reda Belahyane (https://www.sofascore.com/football/player/reda-belahyane/1389689)
353;(https://www.sofascore.com/football/team/udinese/2695);Nicolò Bertola (https://www.sofascore.com/football/player/nicolo-bertola/1136399)
354;(https://www.sofascore.com/football/team/cremonese/2761);Jamie Vardy (https://www.sofascore.com/football/player/jamie-vardy/173827)
355;(https://www.sofascore.com/football/team/pisa/2737);Arturo Calabresi (https://www.sofascore.com/football/player/arturo-calabresi/284367)
356;(https://www.sofascore.com/football/team/roma/2702);Niccolò Pisilli (https://www.sofascore.com/football/player/niccolo-pisilli/1175821)
357;(https://www.sofascore.com/football/team/napoli/2714);Mathías Olivera (https://www.sofascore.com/football/player/mathias-olivera/805078)
358;(https://www.sofascore.com/football/team/udinese/2695);Jordan Zemura (https://www.sofascore.com/football/player/jordan-zemura/964119)
359;(https://www.sofascore.com/football/team/hellas-verona/2701);Antoine Bernede (https://www.sofascore.com/football/player/antoine-bernede/837080)
360;(https://www.sofascore.com/football/team/cremonese/2761);Manuel De Luca (https://www.sofascore.com/football/player/manuel-de-luca/850971)
361;(https://www.sofascore.com/football/team/atalanta/2686);Odilon Kossounou (https://www.sofascore.com/football/player/odilon-kossounou/973437)
362;(https://www.sofascore.com/football/team/torino/2696);Rafael Obrador (https://www.sofascore.com/football/player/rafael-obrador/1142692)
363;(https://www.sofascore.com/football/team/milan/2692);Ruben Loftus-Cheek (https://www.sofascore.com/football/player/ruben-loftus-cheek/284441)
364;(https://www.sofascore.com/football/team/hellas-verona/2701);Domagoj Bradarić (https://www.sofascore.com/football/player/domagoj-bradaric/897594)
365;(https://www.sofascore.com/football/team/cagliari/2719);Juan Rodríguez (https://www.sofascore.com/football/player/rodriguez-juan/1485391)
366;(https://www.sofascore.com/football/team/lecce/2689);Corrie Ndaba (https://www.sofascore.com/football/player/ndaba-corrie/981470)
367;(https://www.sofascore.com/football/team/hellas-verona/2701);Grigoris Kastanos (https://www.sofascore.com/football/player/grigoris-kastanos/791566)
368;(https://www.sofascore.com/football/team/cagliari/2719);Riyad Idrissi (https://www.sofascore.com/football/player/riyad-idrissi/1123175)
369;(https://www.sofascore.com/football/team/cagliari/2719);Ibrahim Sulemana (https://www.sofascore.com/football/player/ibrahim-sulemana/105905)
370;(https://www.sofascore.com/football/team/fiorentina/2693);Pietro Comuzzo (https://www.sofascore.com/football/player/comuzzo-pietro/1210848)
371;(https://www.sofascore.com/football/team/roma/2702);Neil El Aynaoui (https://www.sofascore.com/football/player/neil-el-aynaoui/1128530)
372;(https://www.sofascore.com/football/team/udinese/2695);Branimir Mlačić (https://www.sofascore.com/football/player/branimir-mlacic/1831525)
373;(https://www.sofascore.com/football/team/lecce/2689);Konan N'Dri (https://www.sofascore.com/football/player/ndri-konan/978327)
374;(https://www.sofascore.com/football/team/roma/2702);Robinio Vaz (https://www.sofascore.com/football/player/robinio-vaz/1514800)
375;(https://www.sofascore.com/football/team/hellas-verona/2701);Nicolás Valentini (https://www.sofascore.com/football/player/nicolas-valentini/1116570)
376;(https://www.sofascore.com/football/team/sassuolo/2793);Jay Idzes (https://www.sofascore.com/football/player/jay-idzes/933641)
377;(https://www.sofascore.com/football/team/bologna/2685);Simon Sohm (https://www.sofascore.com/football/player/simon-sohm/909991)
378;(https://www.sofascore.com/football/team/como/2704);Sergi Roberto (https://www.sofascore.com/football/player/sergi-roberto/123976)
379;(https://www.sofascore.com/football/team/fiorentina/2693);Giovanni Fabbian (https://www.sofascore.com/football/player/giovanni-fabbian/1067204)
380;(https://www.sofascore.com/football/team/como/2704);Nicolas-Gerrit Kühn (https://www.sofascore.com/football/player/nicolas-gerrit-kuhn/877835)
381;(https://www.sofascore.com/football/team/hellas-verona/2701);Sandi Lovrić (https://www.sofascore.com/football/player/sandi-lovric/575852)
382;(https://www.sofascore.com/football/team/parma/2690);Hernani (https://www.sofascore.com/football/player/hernani/156019)
383;(https://www.sofascore.com/football/team/parma/2690);Adrian Benedyczak (https://www.sofascore.com/football/player/benedyczak-adrian/928295)
384;(https://www.sofascore.com/football/team/cremonese/2761);Dennis Johnsen (https://www.sofascore.com/football/player/dennis-johnsen/869275)
385;(https://www.sofascore.com/football/team/inter/2697);Andy Diouf (https://www.sofascore.com/football/player/andy-diouf/1048889)
386;(https://www.sofascore.com/football/team/atalanta/2686);Gianluca Scamacca (https://www.sofascore.com/football/player/gianluca-scamacca/807301)
387;(https://www.sofascore.com/football/team/lecce/2689);Mohamed Kaba (https://www.sofascore.com/football/player/mohamed-kaba/1127590)
388;(https://www.sofascore.com/football/team/torino/2696);Cristiano Biraghi (https://www.sofascore.com/football/player/cristiano-biraghi/122848)
389;(https://www.sofascore.com/football/team/lazio/2699);Manuel Lazzari (https://www.sofascore.com/football/player/manuel-lazzari/273405)
390;(https://www.sofascore.com/football/team/sassuolo/2793);Josh Doig (https://www.sofascore.com/football/player/josh-doig/989276)
391;(https://www.sofascore.com/football/team/fiorentina/2693);Edin Džeko (https://www.sofascore.com/football/player/edin-dzeko/14990)
392;(https://www.sofascore.com/football/team/udinese/2695);Saba Goglichidze (https://www.sofascore.com/football/player/saba-goglichidze/1126175)
393;(https://www.sofascore.com/football/team/fiorentina/2693);Cher Ndour (https://www.sofascore.com/football/player/ndour-cher/1114422)
394;(https://www.sofascore.com/football/team/torino/2696);Matteo Prati (https://www.sofascore.com/football/player/matteo-prati/1111640)
395;(https://www.sofascore.com/football/team/parma/2690);Gabriel Strefezza (https://www.sofascore.com/football/player/gabriel-strefezza/877201)
396;(https://www.sofascore.com/football/team/torino/2696);Zakaria Aboukhlal (https://www.sofascore.com/football/player/zakaria-aboukhlal/856737)
397;(https://www.sofascore.com/football/team/napoli/2714);Pasquale Mazzocchi (https://www.sofascore.com/football/player/pasquale-mazzocchi/377512)
398;(https://www.sofascore.com/football/team/pisa/2737);Simone Canestrelli (https://www.sofascore.com/football/player/canestrelli-simone/911355)
399;(https://www.sofascore.com/football/team/genoa/2713);Caleb Ekuban (https://www.sofascore.com/football/player/caleb-ekuban/309156)
400;(https://www.sofascore.com/football/team/juventus/2687);Dušan Vlahović (https://www.sofascore.com/football/player/dusan-vlahovic/832208)
401;(https://www.sofascore.com/football/team/hellas-verona/2701);Mutassim Al-Musrati (https://www.sofascore.com/football/player/mutassim-al-musrati/868958)
402;(https://www.sofascore.com/football/team/atalanta/2686);Honest Ahanor (https://www.sofascore.com/football/player/honest-ahanor/1634980)
403;(https://www.sofascore.com/football/team/roma/2702);Konstantinos Tsimikas (https://www.sofascore.com/football/player/konstantinos-tsimikas/786259)
404;(https://www.sofascore.com/football/team/parma/2690);Gaetano Oristanio (https://www.sofascore.com/football/player/gaetano-oristanio/965009)
405;(https://www.sofascore.com/football/team/cagliari/2719);Michel Adopo (https://www.sofascore.com/football/player/michel-ndary-adopo/928777)
406;(https://www.sofascore.com/football/team/sassuolo/2793);M'Bala Nzola (https://www.sofascore.com/football/player/mbala-nzola/788061)
407;(https://www.sofascore.com/football/team/milan/2692);Álex Jiménez (https://www.sofascore.com/football/player/alex-jimenez/1184308)
408;(https://www.sofascore.com/football/team/cagliari/2719);Othniël Raterink (https://www.sofascore.com/football/player/othniel-raterink/1469998)
409;(https://www.sofascore.com/football/team/inter/2697);Josep Martínez (https://www.sofascore.com/football/player/josep-martinez/845291)
410;(https://www.sofascore.com/football/team/parma/2690);Franco Carboni (https://www.sofascore.com/football/player/carboni-franco/1086199)
411;(https://www.sofascore.com/football/team/lecce/2689);Olaf Gorter (https://www.sofascore.com/football/player/olaf-gorter/1403088)
412;(https://www.sofascore.com/football/team/hellas-verona/2701);Simone Perilli (https://www.sofascore.com/football/player/simone-perilli/253369)
413;(https://www.sofascore.com/football/team/cagliari/2719);Nicolò Cavuoti (https://www.sofascore.com/football/player/nicolo-cavuoti/1013041)
414;(https://www.sofascore.com/football/team/udinese/2695);Matteo Palma (https://www.sofascore.com/football/player/matteo-palma/1495719)
415;(https://www.sofascore.com/football/team/pisa/2737);Gabriele Piccinini (https://www.sofascore.com/football/player/gabriele-piccinini/970778)
416;(https://www.sofascore.com/football/team/fiorentina/2693);Jacopo Fazzini (https://www.sofascore.com/football/player/jacopo-fazzini/1012179)
417;(https://www.sofascore.com/football/team/cremonese/2761);Warren Bondo (https://www.sofascore.com/football/player/warren-bondo/1000366)
418;(https://www.sofascore.com/football/team/genoa/2713);Alexsandro Amorim (https://www.sofascore.com/football/player/amorim/1511706)
419;(https://www.sofascore.com/football/team/torino/2696);Duván Zapata (https://www.sofascore.com/football/player/duvan-zapata/38162)
420;(https://www.sofascore.com/football/team/napoli/2714);Lorenzo Lucca (https://www.sofascore.com/football/player/lorenzo-lucca/962364)
421;(https://www.sofascore.com/football/team/roma/2702);Artem Dovbyk (https://www.sofascore.com/football/player/artem-dovbyk/798820)
422;(https://www.sofascore.com/football/team/sassuolo/2793);Woyo Coulibaly (https://www.sofascore.com/football/player/woyo-coulibaly/989894)
423;(https://www.sofascore.com/football/team/torino/2696);Faustino Anjorin (https://www.sofascore.com/football/player/faustino-anjorin/907667)
424;(https://www.sofascore.com/football/team/bologna/2685);Nicolò Casale (https://www.sofascore.com/football/player/nicolo-casale/862697)
425;(https://www.sofascore.com/football/team/juventus/2687);Vasilije Adžić (https://www.sofascore.com/football/player/vasilije-adzic/1149288)
426;(https://www.sofascore.com/football/team/fiorentina/2693);Pablo Marí (https://www.sofascore.com/football/player/pablo-mari/208988)
427;(https://www.sofascore.com/football/team/parma/2690);Sascha Britschgi (https://www.sofascore.com/football/player/sascha-britschgi/1963449)
428;(https://www.sofascore.com/football/team/cagliari/2719);Zito Luvumbo (https://www.sofascore.com/football/player/zito-luvumbo/1000150)
429;(https://www.sofascore.com/football/team/hellas-verona/2701);Fallou Cham (https://www.sofascore.com/football/player/fallou-cham/1945133)
430;(https://www.sofascore.com/football/team/cagliari/2719);Gabriele Zappa (https://www.sofascore.com/football/player/gabriele-zappa/927304)
431;(https://www.sofascore.com/football/team/hellas-verona/2701);Daniel Oyegoke (https://www.sofascore.com/football/player/daniel-oyegoke/998830)
432;(https://www.sofascore.com/football/team/cagliari/2719);Semih Kılıçsoy (https://www.sofascore.com/football/player/semih-kilicsoy/1142606)
433;(https://www.sofascore.com/football/team/torino/2696);Alieu Njie (https://www.sofascore.com/football/player/alieu-njie/1493157)
434;(https://www.sofascore.com/football/team/napoli/2714);Romelu Lukaku (https://www.sofascore.com/football/player/romelu-lukaku/78893)
435;(https://www.sofascore.com/football/team/hellas-verona/2701);Cheikh Niasse (https://www.sofascore.com/football/player/niasse-cheikh/972523)
436;(https://www.sofascore.com/football/team/genoa/2713);Nicolae Stanciu (https://www.sofascore.com/football/player/nicolae-stanciu/108673)
437;(https://www.sofascore.com/football/team/cremonese/2761);Romano Floriani Mussolini (https://www.sofascore.com/football/player/romano-floriani-mussolini/1100354)
438;(https://www.sofascore.com/football/team/hellas-verona/2701);Unai Núñez (https://www.sofascore.com/football/player/unai-nunez/892521)
439;(https://www.sofascore.com/football/team/bologna/2685);Tommaso Pobega (https://www.sofascore.com/football/player/tommaso-pobega/928796)
440;(https://www.sofascore.com/football/team/sassuolo/2793);Edoardo Iannoni (https://www.sofascore.com/football/player/edoardo-iannoni/1013239)
441;(https://www.sofascore.com/football/team/cremonese/2761);Federico Ceccherini (https://www.sofascore.com/football/player/federico-ceccherini/139410)
442;(https://www.sofascore.com/football/team/sassuolo/2793);Fali Candé (https://www.sofascore.com/football/player/fali-cande/892430)
443;(https://www.sofascore.com/football/team/pisa/2737);Mateus Lusuardi (https://www.sofascore.com/football/player/mateus-lusuardi/1525361)
444;(https://www.sofascore.com/football/team/pisa/2737);Lorran (https://www.sofascore.com/football/player/lorran/1459764)
445;(https://www.sofascore.com/football/team/genoa/2713);Alessandro Marcandalli (https://www.sofascore.com/football/player/alessandro-marcandalli/1068885)
446;(https://www.sofascore.com/football/team/lecce/2689);Alex Sala (https://www.sofascore.com/football/player/alex-sala/1157382)
447;(https://www.sofascore.com/football/team/udinese/2695);Oier Zarraga (https://www.sofascore.com/football/player/oier-zarraga/1009661)
448;(https://www.sofascore.com/football/team/udinese/2695);Kingsley Ehizibue (https://www.sofascore.com/football/player/kingsley-ehizibue/609206)
449;(https://www.sofascore.com/football/team/inter/2697);Denzel Dumfries (https://www.sofascore.com/football/player/denzel-dumfries/759520)
450;(https://www.sofascore.com/football/team/lazio/2699);Petar Ratkov (https://www.sofascore.com/football/player/petar-ratkov/1101942)
451;(https://www.sofascore.com/football/team/lecce/2689);Þórir Jóhann Helgason (https://www.sofascore.com/football/player/thorir-johann-helgason/886628)
452;(https://www.sofascore.com/football/team/cremonese/2761);Alessio Zerbin (https://www.sofascore.com/football/player/alessio-zerbin/869888)
453;(https://www.sofascore.com/football/team/sassuolo/2793);Aster Vranckx (https://www.sofascore.com/football/player/vranckx-aster/989371)
454;(https://www.sofascore.com/football/team/roma/2702);Antonio Arena (https://www.sofascore.com/football/player/arena-antonio/1923599)
455;(https://www.sofascore.com/football/team/torino/2696);Ali Dembélé (https://www.sofascore.com/football/player/dembele-ali/1397347)
456;(https://www.sofascore.com/football/team/parma/2690);Benjamin Cremaschi (https://www.sofascore.com/football/player/cremaschi-benjamin/1459459)
457;(https://www.sofascore.com/football/team/fiorentina/2693);Amir Richardson (https://www.sofascore.com/football/player/amir-richardson/1121333)
458;(https://www.sofascore.com/football/team/napoli/2714);Alex Meret (https://www.sofascore.com/football/player/alex-meret/592794)
459;(https://www.sofascore.com/football/team/napoli/2714);Rasmus Højlund (https://www.sofascore.com/football/player/rasmus-hojlund/1086417)
460;(https://www.sofascore.com/football/team/genoa/2713);Lorenzo Colombo (https://www.sofascore.com/football/player/lorenzo-colombo/930191)
461;(https://www.sofascore.com/football/team/cremonese/2761);Martín Payero (https://www.sofascore.com/football/player/martin-payero/895592)
462;(https://www.sofascore.com/football/team/fiorentina/2693);Jack Harrison (https://www.sofascore.com/football/player/jack-harrison/829570)
463;(https://www.sofascore.com/football/team/como/2704);Álvaro Morata (https://www.sofascore.com/football/player/alvaro-morata/125407)
464;(https://www.sofascore.com/football/team/fiorentina/2693);Roberto Piccoli (https://www.sofascore.com/football/player/roberto-piccoli/958982)
465;(https://www.sofascore.com/football/team/napoli/2714);Giuseppe Ambrosino (https://www.sofascore.com/football/player/ambrosino-giuseppe/1163083)
466;(https://www.sofascore.com/football/team/parma/2690);Jacob Ondrejka (https://www.sofascore.com/football/player/ondrejka-jacob/1004790)
467;(https://www.sofascore.com/football/team/napoli/2714);Giovane (https://www.sofascore.com/football/player/giovane/1170773)
468;(https://www.sofascore.com/football/team/sassuolo/2793);Luca Lipani (https://www.sofascore.com/football/player/luca-lipani/1154898)
469;(https://www.sofascore.com/football/team/bologna/2685);Thijs Dallinga (https://www.sofascore.com/football/player/thijs-dallinga/905381)
470;(https://www.sofascore.com/football/team/hellas-verona/2701);Kieron Bowie (https://www.sofascore.com/football/player/kieron-bowie/983601)
471;(https://www.sofascore.com/football/team/roma/2702);Evan Ferguson (https://www.sofascore.com/football/player/evan-ferguson/999231)
472;(https://www.sofascore.com/football/team/hellas-verona/2701);Lorenzo Montipò (https://www.sofascore.com/football/player/lorenzo-montipo/253391)
473;(https://www.sofascore.com/football/team/hellas-verona/2701);Gift Orban (https://www.sofascore.com/football/player/gift-orban/1217613)
474;(https://www.sofascore.com/football/team/cremonese/2761);Antonio Sanabria (https://www.sofascore.com/football/player/antonio-sanabria/333261)
475;(https://www.sofascore.com/football/team/udinese/2695);Idrissa Gueye (https://www.sofascore.com/football/player/idrissa-gueye/1536811)
476;(https://www.sofascore.com/football/team/torino/2696);Adrien Tameze (https://www.sofascore.com/football/player/adrien-tameze/139235)
477;(https://www.sofascore.com/football/team/juventus/2687);Loïs Openda (https://www.sofascore.com/football/player/lois-openda/835480)
478;(https://www.sofascore.com/football/team/lecce/2689);Walid Cheddira (https://www.sofascore.com/football/player/walid-cheddira/917485)
479;(https://www.sofascore.com/football/team/parma/2690);Oliver Sørensen (https://www.sofascore.com/football/player/oliver-sorensen/957921)
480;(https://www.sofascore.com/football/team/hellas-verona/2701);Amin Sarr (https://www.sofascore.com/football/player/sarr-amin/1022204)
481;(https://www.sofascore.com/football/team/hellas-verona/2701);Isaac (https://www.sofascore.com/football/player/isaac/1471239)
482;(https://www.sofascore.com/football/team/hellas-verona/2701);Ioan Vermesan (https://www.sofascore.com/football/player/ioan-vermesan/1152477)
483;(https://www.sofascore.com/football/team/cremonese/2761);Dachi Lordkipanidze (https://www.sofascore.com/football/player/dachi-lordkipanidze/1153193)
484;(https://www.sofascore.com/football/team/roma/2702);Alessandro Romano (https://www.sofascore.com/football/player/alessandro-romano/1417034)
485;(https://www.sofascore.com/football/team/pisa/2737);Daniel Denoon (https://www.sofascore.com/football/player/daniel-denoon/1922473)
486;(https://www.sofascore.com/football/team/pisa/2737);Nícolas (https://www.sofascore.com/football/player/nicolas/150611)
487;(https://www.sofascore.com/football/team/milan/2692);Santiago Giménez (https://www.sofascore.com/football/player/santiago-gimenez/892141)
488;(https://www.sofascore.com/football/team/inter/2697);Davide Frattesi (https://www.sofascore.com/football/player/davide-frattesi/835600)
489;(https://www.sofascore.com/football/team/pisa/2737);Calvin Stengs (https://www.sofascore.com/football/player/calvin-stengs/857480)
490;(https://www.sofascore.com/football/team/milan/2692);Cheveyo Mul-Balentien (https://www.sofascore.com/football/player/cheveyo-mul/2205650)
491;(https://www.sofascore.com/football/team/sassuolo/2793);Laurs Skjellerup (https://www.sofascore.com/football/player/skjellerup-laurs/1034241)
492;(https://www.sofascore.com/football/team/pisa/2737);Rosen Bozhinov (https://www.sofascore.com/football/player/rosen-bozhinov/1152943)
493;(https://www.sofascore.com/football/team/sassuolo/2793);Andrea Pinamonti (https://www.sofascore.com/football/player/andrea-pinamonti/826198)
494;(https://www.sofascore.com/football/team/lecce/2689);Omri Gandelman (https://www.sofascore.com/football/player/omri-gandelman/1019125)
495;(https://www.sofascore.com/football/team/hellas-verona/2701);Abdou Harroui (https://www.sofascore.com/football/player/abdou-harroui/915812)
496;(https://www.sofascore.com/football/team/genoa/2713);Jeff Ekhator (https://www.sofascore.com/football/player/jeff-ekhator/1613917)
497;(https://www.sofascore.com/football/team/sassuolo/2793);Nicholas Pierini (https://www.sofascore.com/football/player/pierini-nicholas/829581)
498;(https://www.sofascore.com/football/team/parma/2690);Mathias Løvik (https://www.sofascore.com/football/player/lovik-mathias-fjortoft/1133715)
499;(https://www.sofascore.com/football/team/torino/2696);Marcus Pedersen (https://www.sofascore.com/football/player/marcus-pedersen/934409)
500;(https://www.sofascore.com/football/team/lecce/2689);Tete Morente (https://www.sofascore.com/football/player/tete-morente/605374)
501;(https://www.sofascore.com/football/team/lecce/2689);Nikola Štulić (https://www.sofascore.com/football/player/nikola-stulic/1029748)
502;(https://www.sofascore.com/football/team/sassuolo/2793);Luca Moro (https://www.sofascore.com/football/player/luca-moro/949780)
503;(https://www.sofascore.com/football/team/hellas-verona/2701);Tomáš Suslov (https://www.sofascore.com/football/player/tomas-suslov/964154)
504;(https://www.sofascore.com/football/team/lazio/2699);Boulaye Dia (https://www.sofascore.com/football/player/dia-boulaye/960080)
505;(https://www.sofascore.com/football/team/torino/2696);Enzo Ebosse (https://www.sofascore.com/football/player/enzo-ebosse/848279)
506;(https://www.sofascore.com/football/team/cagliari/2719);Leonardo Pavoletti (https://www.sofascore.com/football/player/leonardo-pavoletti/132704)
507;(https://www.sofascore.com/football/team/pisa/2737);Samuel Iling Junior (https://www.sofascore.com/football/player/samuel-iling-junior/996919)
508;(https://www.sofascore.com/football/team/lazio/2699);Fisayo Dele-Bashiru (https://www.sofascore.com/football/player/dele-bashiru-oluwafisayo/910121)
509;(https://www.sofascore.com/football/team/pisa/2737);Malthe Højholt (https://www.sofascore.com/football/player/malthe-hojholt/997583)
510;(https://www.sofascore.com/football/team/parma/2690);Patrick Cutrone (https://www.sofascore.com/football/player/patrick-cutrone/795044)
511;(https://www.sofascore.com/football/team/fiorentina/2693);Daniele Rugani (https://www.sofascore.com/football/player/daniele-rugani/139273)
512;(https://www.sofascore.com/football/team/lecce/2689);Santiago Pierotti (https://www.sofascore.com/football/player/santiago-pierotti/984998)
513;(https://www.sofascore.com/football/team/cagliari/2719);Michael Folorunsho (https://www.sofascore.com/football/player/michael-folorunsho/869795)
514;(https://www.sofascore.com/football/team/cremonese/2761);Michele Collocolo (https://www.sofascore.com/football/player/michele-collocolo/839925)
515;(https://www.sofascore.com/football/team/milan/2692);Niclas Füllkrug (https://www.sofascore.com/football/player/niclas-fullkrug/132645)
516;(https://www.sofascore.com/football/team/pisa/2737);Giovanni Bonfanti (https://www.sofascore.com/football/player/giovanni-bonfanti/1183625)
517;(https://www.sofascore.com/football/team/bologna/2685);Benjamín Domínguez (https://www.sofascore.com/football/player/benjamin-dominguez/1162611)
518;(https://www.sofascore.com/football/team/pisa/2737);Felipe Loyola (https://www.sofascore.com/football/player/loyola-felipe/1125917)
519;(https://www.sofascore.com/football/team/fiorentina/2693);Christian Kouamé (https://www.sofascore.com/football/player/christian-kouame/812946)
520;(https://www.sofascore.com/football/team/hellas-verona/2701);Pol Lirola (https://www.sofascore.com/football/player/pol-lirola/844480)
521;(https://www.sofascore.com/football/team/lecce/2689);Christ-Owen Kouassi (https://www.sofascore.com/football/player/owen-kouassi/1910643)
522;(https://www.sofascore.com/football/team/sassuolo/2793);Daniel Boloca (https://www.sofascore.com/football/player/boloca-daniel/882592)
523;(https://www.sofascore.com/football/team/roma/2702);Leon Bailey (https://www.sofascore.com/football/player/leon-bailey/808590)
524;(https://www.sofascore.com/football/team/parma/2690);Christian Ordoñez (https://www.sofascore.com/football/player/christian-ordonez/1201388)
525;(https://www.sofascore.com/football/team/lecce/2689);Francesco Camarda (https://www.sofascore.com/football/player/camarda-francesco/1520771)
526;(https://www.sofascore.com/football/team/pisa/2737);Henrik Wendel Meister (https://www.sofascore.com/football/player/henrik-wendel-meister/1184248)
527;(https://www.sofascore.com/football/team/torino/2696);Sandro Kulenović (https://www.sofascore.com/football/player/sandro-kulenovic/826026)
528;(https://www.sofascore.com/football/team/inter/2697);Matteo Darmian (https://www.sofascore.com/football/player/matteo-darmian/19352)
529;(https://www.sofascore.com/football/team/cagliari/2719);Joseph Liteta (https://www.sofascore.com/football/player/joseph-liteta/1910527)
530;(https://www.sofascore.com/football/team/fiorentina/2693);Mattia Viti (https://www.sofascore.com/football/player/mattia-viti/1009268)
531;(https://www.sofascore.com/football/team/juventus/2687);Jonathan David (https://www.sofascore.com/football/player/jonathan-david/935564)
532;(https://www.sofascore.com/football/team/genoa/2713);Seydou Fini (https://www.sofascore.com/football/player/fini-seydou/1164381)
533;(https://www.sofascore.com/football/team/inter/2697);Matteo Lavelli (https://www.sofascore.com/football/player/matteo-lavelli/1822931)
534;(https://www.sofascore.com/football/team/lazio/2699);Elseid Hysaj (https://www.sofascore.com/football/player/elseid-hysaj/136322)
535;(https://www.sofascore.com/football/team/pisa/2737);Filip Stojilković (https://www.sofascore.com/football/player/filip-stojilkovic/959003)
536;(https://www.sofascore.com/football/team/lecce/2689);Sadik Fofana (https://www.sofascore.com/football/player/sadik-fofana/1130662)
537;(https://www.sofascore.com/football/team/pisa/2737);Rafiu Durosinmi (https://www.sofascore.com/football/player/rafiu-durosinmi/1152386)
538;(https://www.sofascore.com/football/team/hellas-verona/2701);Daniel Mosquera (https://www.sofascore.com/football/player/daniel-mosquera/1018179)
539;(https://www.sofascore.com/football/team/udinese/2695);Vakoun Bayo (https://www.sofascore.com/football/player/bayo-vakoun-issouf/796455)
540;(https://www.sofascore.com/football/team/parma/2690);Abdoulaye Ndiaye (https://www.sofascore.com/football/player/abdoulaye-ndiaye/984527)
541;(https://www.sofascore.com/football/team/pisa/2737);Louis Buffon (https://www.sofascore.com/football/player/louis-buffon/1819178)
542;(https://www.sofascore.com/football/team/genoa/2713);Jean Onana (https://www.sofascore.com/football/player/jean-onana/978301)
543;(https://www.sofascore.com/football/team/sassuolo/2793);Stefano Turati (https://www.sofascore.com/football/player/stefano-turati/893752)
544;(https://www.sofascore.com/football/team/pisa/2737);Tomás Esteves (https://www.sofascore.com/football/player/tomas-esteves/979210)
545;(https://www.sofascore.com/football/team/cremonese/2761);Faris Moumbagna (https://www.sofascore.com/football/player/faris-pemi-moumbagna/1029456)
546;(https://www.sofascore.com/football/team/juventus/2687);Arkadiusz Milik (https://www.sofascore.com/football/player/arkadiusz-milik/161325)
547;(https://www.sofascore.com/football/team/bologna/2685);Ciro Immobile (https://www.sofascore.com/football/player/ciro-immobile/45923)
548;(https://www.sofascore.com/football/team/cagliari/2719);Alessandro Di Pardo (https://www.sofascore.com/football/player/alessandro-di-pardo/928814)
549;(https://www.sofascore.com/football/team/torino/2696);Adam Masina (https://www.sofascore.com/football/player/adam-masina/259995)
550;(https://www.sofascore.com/football/team/genoa/2713);Maxwel Cornet (https://www.sofascore.com/football/player/maxwel-cornet/280439)
551;(https://www.sofascore.com/football/team/pisa/2737);Francesco Coppola (https://www.sofascore.com/football/player/coppola-francesco/1494096)
552;(https://www.sofascore.com/football/team/sassuolo/2793);Pedro Felipe (https://www.sofascore.com/football/player/pedro-felipe/1485292)
553;(https://www.sofascore.com/football/team/genoa/2713);Nils Zätterström (https://www.sofascore.com/football/player/nils-zatterstrom/1435226)
554;(https://www.sofascore.com/football/team/parma/2690);Tjaš Begić (https://www.sofascore.com/football/player/tjas-begic/1030200)
555;(https://www.sofascore.com/football/team/como/2704);Andrea Le Borgne (https://www.sofascore.com/football/player/andrea-le-borgne/2199322)
556;(https://www.sofascore.com/football/team/genoa/2713);Joi Xheto Nuredini (https://www.sofascore.com/football/player/joi-nuredini/1605324)
557;(https://www.sofascore.com/football/team/sassuolo/2793);Cas Odenthal (https://www.sofascore.com/football/player/cas-odenthal/991677)
558;(https://www.sofascore.com/football/team/hellas-verona/2701);Junior Ajayi (https://www.sofascore.com/football/player/junior-ajayi/1474846)